FID,ESTACAO,TEMA,UF,MUNICIPIO,GEOCODIGO,VISITA,SITUACAO,CONEX_GPS,CONEX_RN,CONEX_EG,LATITUDE,LONGITUDE,FONTECOORD,ALTGEOM,FONTALTGEO,DATCALCPLAN,DATUM_PLAN,ALT_ORTO,ALT_NORMAL,SIGMALT_RN,NUM_GEOPOTENCIAL,DATUM_ALT,FONT_ALT,GRAVIDADE,NOTA
TEMP_APP_BDG_TODAS_2018.fid--55ec4aa9_16935d20a6f_-7a8e,8074417,EG,DF,Brasília,5300108,21/02/2005,BOM,,2378F,,"-15,94777778","-47,87694444",GPS NAVEGAÇÃO,,,,SIRGAS2000,," 1116,1050"," 0,071"," 10918,301",Imbituba,NIVELAMENTO GEOMÉTRICO," 978075,39",
TEMP_APP_BDG_TODAS_2018.fid--55ec4aa9_16935d20a6f_-7a8d,8074335,EG,DF,Brasília,5300108,12/07/2005,BOM,,,,"-15,94638889","-47,88388889",GPS NAVEGAÇÃO,,,,SIRGAS2000,"  1102,9800",,,,Imbituba,NÃO INFORMADA," 978079,15",
TEMP_APP_BDG_TODAS_2018.fid--55ec4aa9_16935d20a6f_-7a8c,8071478,EG,DF,Brasília,5300108,12/05/2005,DESTRUÍDO,,601X,,"-15,97916667","-47,98944444",GPS NAVEGAÇÃO,,,,SIRGAS2000,," 1244,8326"," 0,070"," 12177,350",Imbituba,NIVELAMENTO GEOMÉTRICO," 978054,25",
TEMP_APP_BDG_TODAS_2018.fid--55ec4aa9_16935d20a6f_-7a8b,8071479,EG,DF,Brasília,5300108,12/07/2005,DESTRUÍDO,,602D,,"-15,97333333","-47,90638889",CARTA 1:100000,,,,SIRGAS2000,," 1175,5200"," 0,071"," 11499,434",Imbituba,NIVELAMENTO GEOMÉTRICO," 978065,22",
TEMP_APP_BDG_TODAS_2018.fid--55ec4aa9_16935d20a6f_-7a8a,8072709,EG,DF,Brasília,5300108,30/10/1990,BOM,,,,"-15,61469444","-47,70619722",GPS NAVEGAÇÃO,,,,SIRGAS2000,"   961,2400",,,,,NÃO INFORMADA," 978102,50",
TEMP_APP_BDG_TODAS_2018.fid--55ec4aa9_16935d20a6f_-7a89,8074334,EG,DF,Brasília,5300108,04/04/2005,BOM,,2371Z,,"-15,94527778","-47,88472222",GPS NAVEGAÇÃO,,,,SIRGAS2000,," 1101,0536"," 0,071"," 10771,084",Imbituba,NIVELAMENTO GEOMÉTRICO," 978079,70",
TEMP_APP_BDG_TODAS_2018.fid--55ec4aa9_16935d20a6f_-7a88,8074149,EG,DF,Brasília,5300108,12/07/2005,BOM,91167,2378H,,"-15,94676346","-47,87862484",GPS GEODÉSICO," 1095,703",GPS GEODÉSICO,23/11/2004,SIRGAS2000,," 1108,4350"," 0,071"," 10843,282",Imbituba,NIVELAMENTO GEOMÉTRICO," 978076,68",
TEMP_APP_BDG_TODAS_2018.fid--55ec4aa9_16935d20a6f_-7a87,8071519,EG,DF,Brasília,5300108,27/07/2011,BOM,91319,2194B,,"-15,56334323","-47,65919129",GPS GEODÉSICO," 1002,807",GPS GEODÉSICO,21/12/2011,SIRGAS2000,," 1016,1522"," 0,071","  9940,485",Imbituba,NIVELAMENTO GEOMÉTRICO," 978089,51",
TEMP_APP_BDG_TODAS_2018.fid--55ec4aa9_16935d20a6f_-7a86,8071520,EG,DF,Brasília,5300108,27/07/2011,BOM,,2194C,,"-15,54555556","-47,64083333",GPS NAVEGAÇÃO,,,,SIRGAS2000,," 1026,8318"," 0,071"," 10044,932",Imbituba,NIVELAMENTO GEOMÉTRICO," 978085,64",
TEMP_APP_BDG_TODAS_2018.fid--55ec4aa9_16935d20a6f_-7a85,8071521,EG,DF,Brasília,5300108,27/07/2011,BOM,91320,2194D,,"-15,53049707","-47,62543502",GPS GEODÉSICO," 1024,758",GPS GEODÉSICO,21/12/2011,SIRGAS2000,," 1038,0818"," 0,071"," 10154,959",Imbituba,NIVELAMENTO GEOMÉTRICO," 978082,36",
TEMP_APP_BDG_TODAS_2018.fid--55ec4aa9_16935d20a6f_-7a84,8071522,EG,DF,Brasília,5300108,27/07/2011,DESTRUÍDO,,2194E,,"-15,51472222","-47,61805556",GPS NAVEGAÇÃO,,,,SIRGAS2000,," 1013,8874"," 0,071","  9918,310",Imbituba,NIVELAMENTO GEOMÉTRICO," 978087,21",
TEMP_APP_BDG_TODAS_2018.fid--55ec4aa9_16935d20a6f_-7a83,8071516,EG,DF,Brasília,5300108,27/07/2011,BOM,91317,1361T,,"-15,62021899","-47,67238514",GPS GEODÉSICO,"  947,910",GPS GEODÉSICO,21/12/2011,SIRGAS2000,,"  961,3151"," 0,070","  9404,149",Imbituba,NIVELAMENTO GEOMÉTRICO," 978102,56",
TEMP_APP_BDG_TODAS_2018.fid--55ec4aa9_16935d20a6f_-7a82,8071518,EG,DF,Brasília,5300108,06/05/2005,NÃO ENCONTRADO,,2194A,,"-15,57833333","-47,66444444",GPS NAVEGAÇÃO,,,,SIRGAS2000,,"  980,0129"," 0,071","  9587,015",Imbituba,NIVELAMENTO GEOMÉTRICO," 978096,10",
TEMP_APP_BDG_TODAS_2018.fid--55ec4aa9_16935d20a6f_-7a81,8072703,EG,DF,Brasília,5300108,18/08/2011,BOM,91137,9518C,,"-15,58745632","-48,11430417",GPS GEODÉSICO," 1329,804",GPS GEODÉSICO,13/10/2010,SIRGAS2000,," 1342,5733",," 13133,030",Imbituba,NIVELAMENTO GEOMÉTRICO," 978021,45",
TEMP_APP_BDG_TODAS_2018.fid--55ec4aa9_16935d20a6f_-7a80,8071435,EG,DF,Brasília,5300108,29/04/2005,DESTRUÍDO,,2273A,,"-15,60888889","-48,17472222",GPS NAVEGAÇÃO,,,,SIRGAS2000,," 1223,1833",," 11965,397",Imbituba,NIVELAMENTO GEOMÉTRICO," 978045,36",
TEMP_APP_BDG_TODAS_2018.fid--55ec4aa9_16935d20a6f_-7a7f,8071436,EG,DF,Brasília,5300108,29/04/2005,NÃO ENCONTRADO,,2273B,,"-15,60500000","-48,14916667",GPS NAVEGAÇÃO,,,,SIRGAS2000,," 1277,0116",," 12491,846",Imbituba,NIVELAMENTO GEOMÉTRICO," 978035,57",
TEMP_APP_BDG_TODAS_2018.fid--55ec4aa9_16935d20a6f_-7a7e,8071437,EG,DF,Brasília,5300108,18/08/2011,BOM,,2273C,,"-15,59888889","-48,13138889",GPS NAVEGAÇÃO,,,,SIRGAS2000,," 1323,3308",," 12944,847",Imbituba,NIVELAMENTO GEOMÉTRICO," 978026,51",
TEMP_APP_BDG_TODAS_2018.fid--55ec4aa9_16935d20a6f_-7a7d,8071459,EG,DF,Brasília,5300108,17/08/2004,DESTRUÍDO,,1189Z,,"-15,95805556","-47,82222222",GPS NAVEGAÇÃO,,,,SIRGAS2000,," 1114,3489"," 0,071"," 10901,130",Imbituba,NIVELAMENTO GEOMÉTRICO," 978077,84",
TEMP_APP_BDG_TODAS_2018.fid--55ec4aa9_16935d20a6f_-7a7c,8071460,EG,DF,Brasília,5300108,14/07/2011,BOM,91327,1190A,,"-15,97881267","-47,81956721",GPS GEODÉSICO," 1046,867",GPS GEODÉSICO,21/12/2011,SIRGAS2000,," 1059,7180"," 0,071"," 10366,803",Imbituba,NIVELAMENTO GEOMÉTRICO," 978087,83",
TEMP_APP_BDG_TODAS_2018.fid--55ec4aa9_16935d20a6f_-7a7b,8071461,EG,DF,Brasília,5300108,17/08/2004,DESTRUÍDO,,1190B,,"-15,99833333","-47,80694444",GPS NAVEGAÇÃO,,,,SIRGAS2000,,"  928,4818"," 0,071","  9083,167",Imbituba,NIVELAMENTO GEOMÉTRICO," 978114,28",
TEMP_APP_BDG_TODAS_2018.fid--55ec4aa9_16935d20a6f_-7a7a,8080672,EG,DF,Brasília,5300108,12/04/2011,NÃO CONSTRUÍDO,,,,"-15,94015833","-47,62028056",GPS TOPOGRÁFICO,,,,SIRGAS2000,"  1027,3300",,,,,GPS TOPOGRÁFICO," 978098,25",
TEMP_APP_BDG_TODAS_2018.fid--55ec4aa9_16935d20a6f_-7a79,8080673,EG,DF,Brasília,5300108,12/04/2011,NÃO CONSTRUÍDO,,,,"-15,94611111","-47,60138889",GPS NAVEGAÇÃO,,,,SIRGAS2000,"  1054,6800",,,,Imbituba,NÃO INFORMADA," 978092,48",
TEMP_APP_BDG_TODAS_2018.fid--55ec4aa9_16935d20a6f_-7a78,8079114,EG,DF,Brasília,5300108,17/04/2008,NÃO CONSTRUÍDO,,,,"-15,54546667","-47,54430556",GPS TOPOGRÁFICO,,,,SIRGAS2000,"  1168,1800",,,,,GPS TOPOGRÁFICO," 978059,68",
TEMP_APP_BDG_TODAS_2018.fid--55ec4aa9_16935d20a6f_-7a77,8080663,EG,DF,Brasília,5300108,05/09/2016,BOM,91332,2223M,,"-15,93774694","-47,80751080",GPS GEODÉSICO," 1028,395",GPS GEODÉSICO,22/03/2017,SIRGAS2000,," 1041,2240"," 0,071"," 10185,892",Imbituba,NIVELAMENTO GEOMÉTRICO," 978087,61",
TEMP_APP_BDG_TODAS_2018.fid--55ec4aa9_16935d20a6f_-7a76,8080664,EG,DF,Brasília,5300108,14/07/2011,BOM,,2223N,,"-15,94388889","-47,78416667",GPS NAVEGAÇÃO,,,,SIRGAS2000,," 1010,8679"," 0,071","  9888,980",Imbituba,NIVELAMENTO GEOMÉTRICO," 978098,45",
TEMP_APP_BDG_TODAS_2018.fid--55ec4aa9_16935d20a6f_-7a75,8080666,EG,DF,Brasília,5300108,14/07/2011,BOM,,2223R,,"-15,94166667","-47,73583333",GPS NAVEGAÇÃO,,,,SIRGAS2000,,"  971,8196"," 0,071","  9507,042",Imbituba,NIVELAMENTO GEOMÉTRICO," 978108,29",
TEMP_APP_BDG_TODAS_2018.fid--55ec4aa9_16935d20a6f_-7a74,8080667,EG,DF,Brasília,5300108,26/07/2011,BOM,91326,2223S,,"-15,94799675","-47,71232339",GPS GEODÉSICO," 1000,167",GPS GEODÉSICO,21/12/2011,SIRGAS2000,," 1013,1697"," 0,071","  9911,497",Imbituba,NIVELAMENTO GEOMÉTRICO," 978099,69",
TEMP_APP_BDG_TODAS_2018.fid--55ec4aa9_16935d20a6f_-7a73,8080668,EG,DF,Brasília,5300108,14/07/2011,BOM,,2223T,,"-15,95000000","-47,69361111",GPS NAVEGAÇÃO,,,,SIRGAS2000,,"  990,6267"," 0,071","  9691,002",Imbituba,NIVELAMENTO GEOMÉTRICO," 978103,94",
TEMP_APP_BDG_TODAS_2018.fid--55ec4aa9_16935d20a6f_-7a72,8080669,EG,DF,Brasília,5300108,15/07/2011,BOM,,2223U,,"-15,95305556","-47,67444444",GPS NAVEGAÇÃO,,,,SIRGAS2000,,"  867,6901"," 0,071","  8488,516",Imbituba,NIVELAMENTO GEOMÉTRICO," 978129,30",
TEMP_APP_BDG_TODAS_2018.fid--55ec4aa9_16935d20a6f_-7a71,8080670,EG,DF,Brasília,5300108,15/07/2011,BOM,,2223V,,"-15,96666667","-47,65583333",GPS NAVEGAÇÃO,,,,SIRGAS2000,,"  897,6570"," 0,071","  8781,643",Imbituba,NIVELAMENTO GEOMÉTRICO," 978123,63",
TEMP_APP_BDG_TODAS_2018.fid--55ec4aa9_16935d20a6f_-7a70,8080671,EG,DF,Brasília,5300108,30/08/2011,BOM,91316,2223X,,"-15,96036078","-47,63695191",GPS GEODÉSICO,"  951,030",GPS GEODÉSICO,21/12/2011,SIRGAS2000,,"  964,0859"," 0,071","  9431,405",Imbituba,NIVELAMENTO GEOMÉTRICO," 978110,93",
TEMP_APP_BDG_TODAS_2018.fid--55ec4aa9_16935d20a6f_-7a6f,8080677,EG,DF,Brasília,5300108,05/08/2011,BOM,91318,2224E,,"-16,02463190","-47,54575954",GPS GEODÉSICO," 1025,616",GPS GEODÉSICO,21/12/2011,SIRGAS2000,," 1038,6716"," 0,071"," 10160,971",Imbituba,NIVELAMENTO GEOMÉTRICO," 978098,35",
TEMP_APP_BDG_TODAS_2018.fid--55ec4aa9_16935d20a6f_-7a6e,8080678,EG,DF,Brasília,5300108,18/08/2011,BOM,91323,2227C,,"-16,03741039","-47,41391668",GPS GEODÉSICO,"  859,058",GPS GEODÉSICO,21/12/2011,SIRGAS2000,,"  872,2481"," 0,073","  8533,136",Imbituba,NIVELAMENTO GEOMÉTRICO," 978135,61",
TEMP_APP_BDG_TODAS_2018.fid--55ec4aa9_16935d20a6f_-7a6d,8080679,EG,DF,Brasília,5300108,18/08/2011,BOM,,2227D,,"-16,01444444","-47,40666667",GPS NAVEGAÇÃO,,,,SIRGAS2000,,"  905,2101"," 0,073","  8855,544",Imbituba,NIVELAMENTO GEOMÉTRICO," 978128,09",
TEMP_APP_BDG_TODAS_2018.fid--55ec4aa9_16935d20a6f_-7a6c,8080688,EG,DF,Brasília,5300108,18/08/2011,BOM,91324,2227P,,"-15,79005311","-47,38055707",GPS GEODÉSICO,"  927,563",GPS GEODÉSICO,21/12/2011,SIRGAS2000,,"  940,9268"," 0,072","  9204,803",Imbituba,NIVELAMENTO GEOMÉTRICO," 978117,64",
TEMP_APP_BDG_TODAS_2018.fid--55ec4aa9_16935d20a6f_-7a6b,8080690,EG,DF,Brasília,5300108,18/08/2011,BOM,,2227S,,"-15,73888889","-47,38833333",GPS NAVEGAÇÃO,,,,SIRGAS2000,,"  975,1960"," 0,072","  9539,973",Imbituba,NIVELAMENTO GEOMÉTRICO," 978109,62",
TEMP_APP_BDG_TODAS_2018.fid--55ec4aa9_16935d20a6f_-7a6a,8080695,EG,DF,Brasília,5300108,18/08/2011,BOM,91325,2227Z,,"-15,62896671","-47,35662889",GPS GEODÉSICO,"  905,579",GPS GEODÉSICO,21/12/2011,SIRGAS2000,,"  919,0618"," 0,071","  8990,866",Imbituba,NIVELAMENTO GEOMÉTRICO," 978114,66",
TEMP_APP_BDG_TODAS_2018.fid--55ec4aa9_16935d20a6f_-7a69,8080698,EG,DF,Brasília,5300108,05/08/2011,BOM,,2226D,,"-15,92166667","-47,60444444",GPS NAVEGAÇÃO,,,,SIRGAS2000,," 1049,8917"," 0,071"," 10270,663",Imbituba,NIVELAMENTO GEOMÉTRICO," 978093,86",
TEMP_APP_BDG_TODAS_2018.fid--55ec4aa9_16935d20a6f_-7a68,8080701,EG,DF,Brasília,5300108,18/08/2011,BOM,91321,2226G,,"-15,85077928","-47,62406495",GPS GEODÉSICO," 1035,494",GPS GEODÉSICO,21/12/2011,SIRGAS2000,," 1048,5401"," 0,071"," 10257,408",Imbituba,NIVELAMENTO GEOMÉTRICO," 978092,44",
TEMP_APP_BDG_TODAS_2018.fid--55ec4aa9_16935d20a6f_-7a67,8080706,EG,DF,Brasília,5300108,18/08/2011,BOM,91322,2226N,,"-15,73390819","-47,66161068",GPS GEODÉSICO,"  910,795",GPS GEODÉSICO,21/12/2011,SIRGAS2000,,"  923,9042"," 0,071","  9038,276",Imbituba,NIVELAMENTO GEOMÉTRICO," 978111,48",
TEMP_APP_BDG_TODAS_2018.fid--55ec4aa9_16935d20a6f_-7a66,8080708,EG,DF,Brasília,5300108,18/08/2011,BOM,,2226R,,"-15,70861111","-47,65638889",GPS NAVEGAÇÃO,,,,SIRGAS2000,,"  971,7881"," 0,071","  9506,627",Imbituba,NIVELAMENTO GEOMÉTRICO," 978102,02",
TEMP_APP_BDG_TODAS_2018.fid--55ec4aa9_16935d20a6f_-7a65,8080711,EG,DF,Brasília,5300108,19/04/2011,BOM,,2226U,,"-15,63555556","-47,65194444",GPS NAVEGAÇÃO,,,,SIRGAS2000,,"  940,0819"," 0,070","  9196,472",Imbituba,NIVELAMENTO GEOMÉTRICO," 978106,78",
TEMP_APP_BDG_TODAS_2018.fid--55ec4aa9_16935d20a6f_-7a64,8080713,EG,DF,Brasília,5300108,18/08/2011,BOM,91330,2263R,,"-15,69384347","-48,21695502",GPS GEODÉSICO," 1064,109",GPS GEODÉSICO,21/12/2011,SIRGAS2000,," 1076,6010"," 0,074"," 10531,789",Imbituba,NIVELAMENTO GEOMÉTRICO," 978079,31",
TEMP_APP_BDG_TODAS_2018.fid--55ec4aa9_16935d20a6f_-7a63,8080715,EG,DF,Brasília,5300108,18/08/2011,BOM,,2263T,,"-15,68166667","-48,19611111",GPS NAVEGAÇÃO,,,,SIRGAS2000,," 1086,5862"," 0,074"," 10629,446",Imbituba,NIVELAMENTO GEOMÉTRICO," 978076,41",
TEMP_APP_BDG_TODAS_2018.fid--55ec4aa9_16935d20a6f_-7a62,8080716,EG,DF,Brasília,5300108,18/08/2011,BOM,,2263V,,"-15,68083333","-48,19083333",GPS NAVEGAÇÃO,,,,SIRGAS2000,," 1118,1959"," 0,074"," 10938,610",Imbituba,NIVELAMENTO GEOMÉTRICO," 978070,73",
TEMP_APP_BDG_TODAS_2018.fid--55ec4aa9_16935d20a6f_-7a61,8080718,EG,DF,Brasília,5300108,07/10/2016,BOM,99660,2263Z,,"-15,67507948","-48,20398799",GPS GEODÉSICO," 1086,869",GPS GEODÉSICO,22/03/2017,SIRGAS2000,," 1099,4026"," 0,074"," 10754,796",Imbituba,NIVELAMENTO GEOMÉTRICO," 978074,13",
TEMP_APP_BDG_TODAS_2018.fid--55ec4aa9_16935d20a6f_-7a60,8080721,EG,DF,Brasília,5300108,18/08/2011,BOM,91331,2264C,,"-15,61611611","-48,19796331",GPS GEODÉSICO," 1114,130",GPS GEODÉSICO,21/12/2011,SIRGAS2000,," 1126,8754"," 0,075"," 11023,467",Imbituba,NIVELAMENTO GEOMÉTRICO," 978065,23",
TEMP_APP_BDG_TODAS_2018.fid--55ec4aa9_16935d20a6f_-7a5f,8080724,EG,DF,Brasília,5300108,18/08/2011,BOM,,2264F,,"-15,57500000","-48,19000000",GPS NAVEGAÇÃO,,,,SIRGAS2000,," 1013,2401"," 0,075","  9912,007",Imbituba,NIVELAMENTO GEOMÉTRICO," 978083,69",
TEMP_APP_BDG_TODAS_2018.fid--55ec4aa9_16935d20a6f_-7a5e,8080725,EG,DF,Brasília,5300108,18/08/2011,BOM,91328,2264G,,"-15,55604204","-48,19596836",GPS GEODÉSICO,"  927,434",GPS GEODÉSICO,21/12/2011,SIRGAS2000,,"  940,4970"," 0,075","  9200,496",Imbituba,NIVELAMENTO GEOMÉTRICO," 978099,72",
TEMP_APP_BDG_TODAS_2018.fid--55ec4aa9_16935d20a6f_-7a5d,8079175,EG,DF,Brasília,5300108,27/07/2011,NÃO ENCONTRADO,,1362C,,"-15,57694444","-47,46694444",GPS NAVEGAÇÃO,,,,SIRGAS2000,," 1114,1501"," 0,071"," 10898,986",Imbituba,NIVELAMENTO GEOMÉTRICO," 978068,04",
TEMP_APP_BDG_TODAS_2018.fid--55ec4aa9_16935d20a6f_-7a5c,8079171,EG,DF,Brasília,5300108,20/05/2008,NÃO CONSTRUÍDO,,,,"-15,58398056","-47,35207500",GPS TOPOGRÁFICO,,,,SIRGAS2000,"   909,1000",,,,,GPS TOPOGRÁFICO," 978113,13",
TEMP_APP_BDG_TODAS_2018.fid--55ec4aa9_16935d20a6f_-7a5b,8079172,EG,DF,Brasília,5300108,20/05/2008,NÃO CONSTRUÍDO,,,,"-15,57863056","-47,37960833",GPS TOPOGRÁFICO,,,,SIRGAS2000,"   915,3800",,,,,GPS TOPOGRÁFICO," 978111,64",
TEMP_APP_BDG_TODAS_2018.fid--55ec4aa9_16935d20a6f_-7a5a,8079173,EG,DF,Brasília,5300108,20/05/2008,BOM,,,,"-15,58087500","-47,41633333",GPS TOPOGRÁFICO,,,,SIRGAS2000,"   985,7400",,,,,GPS TOPOGRÁFICO," 978098,81",
TEMP_APP_BDG_TODAS_2018.fid--55ec4aa9_16935d20a6f_-7a59,8079174,EG,DF,Brasília,5300108,20/05/2008,NÃO CONSTRUÍDO,,,,"-15,58330278","-47,44573056",GPS TOPOGRÁFICO,,,,SIRGAS2000,"   995,2900",,,,,GPS TOPOGRÁFICO," 978095,57",
TEMP_APP_BDG_TODAS_2018.fid--55ec4aa9_16935d20a6f_-7a58,8079176,EG,DF,Brasília,5300108,20/05/2008,NÃO CONSTRUÍDO,,,,"-15,57897778","-47,49418056",GPS TOPOGRÁFICO,,,,SIRGAS2000,"  1077,3200",,,,,GPS TOPOGRÁFICO," 978074,69",
TEMP_APP_BDG_TODAS_2018.fid--55ec4aa9_16935d20a6f_-7a57,8079177,EG,DF,Brasília,5300108,20/05/2008,NÃO CONSTRUÍDO,,,,"-15,58151944","-47,55228056",GPS TOPOGRÁFICO,,,,SIRGAS2000,"  1156,3800",,,,,GPS TOPOGRÁFICO," 978064,37",
TEMP_APP_BDG_TODAS_2018.fid--55ec4aa9_16935d20a6f_-7a56,8079178,EG,DF,Brasília,5300108,20/05/2008,BOM,,,,"-15,58715833","-47,57471944",GPS TOPOGRÁFICO,,,,SIRGAS2000,"  1159,2100",,,,,GPS TOPOGRÁFICO," 978063,83",
TEMP_APP_BDG_TODAS_2018.fid--55ec4aa9_16935d20a6f_-7a55,8079112,EG,DF,Brasília,5300108,17/04/2008,BOM,,1700D,,"-15,50027778","-47,52408333",GPS NAVEGAÇÃO,,,,SIRGAS2000,," 1187,4848"," 0,071"," 11616,192",Imbituba,NIVELAMENTO GEOMÉTRICO," 978050,52",
TEMP_APP_BDG_TODAS_2018.fid--55ec4aa9_16935d20a6f_-7a54,8079113,EG,DF,Brasília,5300108,17/04/2008,NÃO CONSTRUÍDO,,,,"-15,52324722","-47,53217778",GPS TOPOGRÁFICO,,,,SIRGAS2000,"  1182,3100",,,,,GPS TOPOGRÁFICO," 978054,83",
TEMP_APP_BDG_TODAS_2018.fid--55ec4aa9_16935d20a6f_-7a53,8079115,EG,DF,Brasília,5300108,17/04/2008,NÃO CONSTRUÍDO,,,,"-15,56653056","-47,56072778",GPS TOPOGRÁFICO,,,,SIRGAS2000,"  1158,1000",,,,,GPS TOPOGRÁFICO," 978061,75",
TEMP_APP_BDG_TODAS_2018.fid--55ec4aa9_16935d20a6f_-7a52,8071463,EG,DF,Brasília,5300108,17/08/2004,NÃO ENCONTRADO,,1190D,,"-16,03833333","-47,80833333",GPS NAVEGAÇÃO,,,,SIRGAS2000,,"  935,9059"," 0,071","  9155,803",Imbituba,NIVELAMENTO GEOMÉTRICO," 978116,31",
TEMP_APP_BDG_TODAS_2018.fid--55ec4aa9_16935d20a6f_-7a51,8071458,EG,DF,Brasília,5300108,02/05/2005,DESTRUÍDO,,1189X,,"-15,93472222","-47,82361111",GPS NAVEGAÇÃO,,,,SIRGAS2000,," 1145,6539"," 0,071"," 11207,304",Imbituba,NIVELAMENTO GEOMÉTRICO," 978070,57",
TEMP_APP_BDG_TODAS_2018.fid--55ec4aa9_16935d20a6f_-7a50,8071462,EG,DF,Brasília,5300108,15/07/2011,BOM,91329,1190C,,"-16,01976711","-47,80082048",GPS GEODÉSICO,"  869,761",GPS GEODÉSICO,21/12/2011,SIRGAS2000,,"  882,7131"," 0,071","  8635,492",Imbituba,NIVELAMENTO GEOMÉTRICO," 978125,40",
TEMP_APP_BDG_TODAS_2018.fid--55ec4aa9_16935d20a6f_-7a4f,8074400,EG,DF,Brasília,5300108,22/03/2005,BOM,,2377T,,"-15,94666667","-47,89388889",GPS NAVEGAÇÃO,,,,SIRGAS2000,," 1063,3035"," 0,071"," 10401,856",Imbituba,NIVELAMENTO GEOMÉTRICO," 978086,98",
TEMP_APP_BDG_TODAS_2018.fid--55ec4aa9_16935d20a6f_-7a4e,8074407,EG,DF,Brasília,5300108,22/03/2005,BOM,,2377J,,"-15,95055556","-47,86472222",GPS NAVEGAÇÃO,,,,SIRGAS2000,," 1133,1822"," 0,071"," 11085,330",Imbituba,NIVELAMENTO GEOMÉTRICO," 978074,31",
TEMP_APP_BDG_TODAS_2018.fid--55ec4aa9_16935d20a6f_-7a4d,8074415,EG,DF,Brasília,5300108,13/06/1995,BOM,,2377V,,"-15,93027778","-47,90027778",GPS NAVEGAÇÃO,,,,SIRGAS2000,," 1050,8410"," 0,072"," 10279,953",Imbituba,NIVELAMENTO GEOMÉTRICO," 978089,33",
TEMP_APP_BDG_TODAS_2018.fid--55ec4aa9_16935d20a6f_-7a4c,8074418,EG,DF,Brasília,5300108,12/07/2005,BOM,91168,2378J,,"-15,94864971","-47,87818564",GPS GEODÉSICO," 1103,238",GPS GEODÉSICO,23/11/2004,SIRGAS2000,," 1115,9802"," 0,071"," 10917,081",Imbituba,NIVELAMENTO GEOMÉTRICO," 978075,26",
TEMP_APP_BDG_TODAS_2018.fid--55ec4aa9_16935d20a6f_-7a4b,8074419,EG,DF,Brasília,5300108,12/07/2005,BOM,91166,2378G,,"-15,94780002","-47,87698024",GPS GEODÉSICO," 1101,081",GPS GEODÉSICO,23/11/2004,SIRGAS2000,," 1113,8244"," 0,071"," 10895,995",Imbituba,NIVELAMENTO GEOMÉTRICO," 978075,98",
TEMP_APP_BDG_TODAS_2018.fid--55ec4aa9_16935d20a6f_-7a4a,8074398,EG,DF,Brasília,5300108,12/07/2005,BOM,91127,2378L,,"-15,94618971","-47,88426428",GPS GEODÉSICO," 1090,005",GPS GEODÉSICO,23/11/2004,SIRGAS2000,," 1102,6907"," 0,071"," 10787,097",Imbituba,NIVELAMENTO GEOMÉTRICO," 978079,22",
TEMP_APP_BDG_TODAS_2018.fid--55ec4aa9_16935d20a6f_-7a49,8074399,EG,DF,Brasília,5300108,22/03/2005,BOM,,2377U,,"-15,93944444","-47,89666667",GPS NAVEGAÇÃO,,,,SIRGAS2000,," 1053,1578"," 0,071"," 10302,617",Imbituba,NIVELAMENTO GEOMÉTRICO," 978088,27",
TEMP_APP_BDG_TODAS_2018.fid--55ec4aa9_16935d20a6f_-7a48,8074401,EG,DF,Brasília,5300108,13/06/1995,BOM,,2377S,,"-15,95138889","-47,88916667",GPS NAVEGAÇÃO,,,,SIRGAS2000,," 1078,5576"," 0,071"," 10551,057",Imbituba,NIVELAMENTO GEOMÉTRICO," 978084,23",
TEMP_APP_BDG_TODAS_2018.fid--55ec4aa9_16935d20a6f_-7a47,8074402,EG,DF,Brasília,5300108,13/06/1995,BOM,,2377R,,"-15,95916667","-47,88805556",GPS NAVEGAÇÃO,,,,SIRGAS2000,," 1106,8294"," 0,071"," 10827,584",Imbituba,NIVELAMENTO GEOMÉTRICO," 978078,79",
TEMP_APP_BDG_TODAS_2018.fid--55ec4aa9_16935d20a6f_-7a46,8074403,EG,DF,Brasília,5300108,13/06/1995,BOM,,2377P,,"-15,96638889","-47,88805556",GPS NAVEGAÇÃO,,,,SIRGAS2000,," 1137,0622"," 0,071"," 11123,287",Imbituba,NIVELAMENTO GEOMÉTRICO," 978073,48",
TEMP_APP_BDG_TODAS_2018.fid--55ec4aa9_16935d20a6f_-7a45,8074404,EG,DF,Brasília,5300108,08/04/2005,BOM,,2377N,,"-15,96166667","-47,88083333",GPS NAVEGAÇÃO,,,,SIRGAS2000,," 1135,8311"," 0,071"," 11111,244",Imbituba,NIVELAMENTO GEOMÉTRICO," 978073,60",
TEMP_APP_BDG_TODAS_2018.fid--55ec4aa9_16935d20a6f_-7a44,8074405,EG,DF,Brasília,5300108,08/04/2005,BOM,,2377M,,"-15,96000000","-47,87861111",GPS NAVEGAÇÃO,,,,SIRGAS2000,," 1139,7086"," 0,071"," 11149,168",Imbituba,NIVELAMENTO GEOMÉTRICO," 978072,74",
TEMP_APP_BDG_TODAS_2018.fid--55ec4aa9_16935d20a6f_-7a43,8074406,EG,DF,Brasília,5300108,11/04/2005,BOM,,2377L,,"-15,95666667","-47,87361111",GPS NAVEGAÇÃO,,,,SIRGAS2000,," 1145,1925"," 0,071"," 11202,802",Imbituba,NIVELAMENTO GEOMÉTRICO," 978071,18",
TEMP_APP_BDG_TODAS_2018.fid--55ec4aa9_16935d20a6f_-7a42,8074408,EG,DF,Brasília,5300108,22/03/2005,BOM,,2377H,,"-15,94527778","-47,85666667",GPS NAVEGAÇÃO,,,,SIRGAS2000,," 1141,5765"," 0,071"," 11167,429",Imbituba,NIVELAMENTO GEOMÉTRICO," 978071,95",
TEMP_APP_BDG_TODAS_2018.fid--55ec4aa9_16935d20a6f_-7a41,8074409,EG,DF,Brasília,5300108,01/03/2005,BOM,,2378D,,"-15,93833333","-47,86222222",GPS NAVEGAÇÃO,,,,SIRGAS2000,," 1151,7599"," 0,071"," 11267,026",Imbituba,NIVELAMENTO GEOMÉTRICO," 978069,07",
TEMP_APP_BDG_TODAS_2018.fid--55ec4aa9_16935d20a6f_-7a40,8074410,EG,DF,Brasília,5300108,28/02/2005,BOM,,2378C,,"-15,93166667","-47,86750000",GPS NAVEGAÇÃO,,,,SIRGAS2000,," 1152,0898"," 0,071"," 11270,250",Imbituba,NIVELAMENTO GEOMÉTRICO," 978069,58",
TEMP_APP_BDG_TODAS_2018.fid--55ec4aa9_16935d20a6f_-7a3f,8074411,EG,DF,Brasília,5300108,28/02/2005,BOM,,2378B,,"-15,92500000","-47,87250000",GPS NAVEGAÇÃO,,,,SIRGAS2000,," 1148,8195"," 0,071"," 11238,260",Imbituba,NIVELAMENTO GEOMÉTRICO," 978069,56",
TEMP_APP_BDG_TODAS_2018.fid--55ec4aa9_16935d20a6f_-7a3e,8074412,EG,DF,Brasília,5300108,02/05/2005,BOM,,2378A,,"-15,91888889","-47,87750000",GPS NAVEGAÇÃO,,,,SIRGAS2000,," 1146,7376"," 0,071"," 11217,894",Imbituba,NIVELAMENTO GEOMÉTRICO," 978069,21",
TEMP_APP_BDG_TODAS_2018.fid--55ec4aa9_16935d20a6f_-7a3d,8074413,EG,DF,Brasília,5300108,02/05/2005,BOM,,2377Z,,"-15,92444444","-47,88833333",GPS NAVEGAÇÃO,,,,SIRGAS2000,," 1120,8411"," 0,071"," 10964,610",Imbituba,NIVELAMENTO GEOMÉTRICO," 978074,77",
TEMP_APP_BDG_TODAS_2018.fid--55ec4aa9_16935d20a6f_-7a3c,8074414,EG,DF,Brasília,5300108,13/06/1995,BOM,,2377X,,"-15,92611111","-47,89194444",GPS NAVEGAÇÃO,,,,SIRGAS2000,," 1106,1185"," 0,071"," 10820,613",Imbituba,NIVELAMENTO GEOMÉTRICO," 978077,94",
TEMP_APP_BDG_TODAS_2018.fid--55ec4aa9_16935d20a6f_-7a3b,8074416,EG,DF,Brasília,5300108,23/02/2005,BOM,,2378E,,"-15,94638889","-47,87138889",GPS NAVEGAÇÃO,,,,SIRGAS2000,," 1111,9145"," 0,071"," 10877,313",Imbituba,NIVELAMENTO GEOMÉTRICO," 978077,71",
TEMP_APP_BDG_TODAS_2018.fid--55ec4aa9_16935d20a6f_-7a3a,8081566,EG,DF,Brasília,5300108,15/07/2014,NÃO CONSTRUÍDO,,,,"-15,90435833","-48,26135556",GPS TOPOGRÁFICO,,,,SIRGAS2000,"   980,4900",,,,,GPS TOPOGRÁFICO," 978112,89",
TEMP_APP_BDG_TODAS_2018.fid--55ec4aa9_16935d20a6f_-7a39,8081568,EG,DF,Brasília,5300108,15/07/2014,NÃO CONSTRUÍDO,,,,"-15,85823333","-48,22932500",GPS TOPOGRÁFICO,,,,SIRGAS2000,"  1007,4800",,,,,GPS TOPOGRÁFICO," 978105,16",
TEMP_APP_BDG_TODAS_2018.fid--55ec4aa9_16935d20a6f_-7a38,8081569,EG,DF,Brasília,5300108,15/07/2014,NÃO CONSTRUÍDO,,,,"-15,86231944","-48,17057778",GPS TOPOGRÁFICO,,,,SIRGAS2000,"   996,7400",,,,,GPS TOPOGRÁFICO," 978105,55",
TEMP_APP_BDG_TODAS_2018.fid--55ec4aa9_16935d20a6f_-7a37,8081570,EG,DF,Brasília,5300108,15/07/2014,NÃO CONSTRUÍDO,,,,"-15,86397500","-48,14205000",GPS TOPOGRÁFICO,,,,SIRGAS2000,"  1010,6800",,,,,GPS TOPOGRÁFICO," 978104,01",
TEMP_APP_BDG_TODAS_2018.fid--55ec4aa9_16935d20a6f_-7a36,8081571,EG,DF,Brasília,5300108,16/07/2014,NÃO CONSTRUÍDO,,,,"-15,82996111","-48,26726389",GPS TOPOGRÁFICO,,,,SIRGAS2000,"  1056,8400",,,,,GPS TOPOGRÁFICO," 978094,49",
TEMP_APP_BDG_TODAS_2018.fid--55ec4aa9_16935d20a6f_-7a35,8081572,EG,DF,Brasília,5300108,16/07/2014,NÃO CONSTRUÍDO,,,,"-15,82220833","-48,21873889",GPS TOPOGRÁFICO,,,,SIRGAS2000,"  1022,6000",,,,,GPS TOPOGRÁFICO," 978097,97",
TEMP_APP_BDG_TODAS_2018.fid--55ec4aa9_16935d20a6f_-7a34,8081573,EG,DF,Brasília,5300108,16/07/2014,NÃO CONSTRUÍDO,,,,"-15,81628889","-48,17933333",GPS TOPOGRÁFICO,,,,SIRGAS2000,"  1116,1300",,,,,GPS TOPOGRÁFICO," 978078,70",
TEMP_APP_BDG_TODAS_2018.fid--55ec4aa9_16935d20a6f_-7a33,8081574,EG,DF,Brasília,5300108,16/07/2014,NÃO CONSTRUÍDO,,,,"-15,78116667","-48,22343333",GPS TOPOGRÁFICO,,,,SIRGAS2000,"  1049,2100",,,,,GPS TOPOGRÁFICO," 978091,56",
TEMP_APP_BDG_TODAS_2018.fid--55ec4aa9_16935d20a6f_-7a32,8081575,EG,DF,Brasília,5300108,16/07/2014,NÃO CONSTRUÍDO,,,,"-15,78057222","-48,18211111",GPS TOPOGRÁFICO,,,,SIRGAS2000,"  1113,5500",,,,,GPS TOPOGRÁFICO," 978077,90",
TEMP_APP_BDG_TODAS_2018.fid--55ec4aa9_16935d20a6f_-7a31,8081576,EG,DF,Brasília,5300108,22/07/2014,NÃO CONSTRUÍDO,,,,"-15,78029722","-48,05743889",GPS TOPOGRÁFICO,,,,SIRGAS2000,"  1231,0800",,,,,GPS TOPOGRÁFICO," 978054,05",
TEMP_APP_BDG_TODAS_2018.fid--55ec4aa9_16935d20a6f_-7a30,8081577,EG,DF,Brasília,5300108,22/07/2014,NÃO CONSTRUÍDO,,,,"-15,78008333","-48,09883333",GPS TOPOGRÁFICO,,,,SIRGAS2000,"  1185,8800",,,,,GPS TOPOGRÁFICO," 978065,18",
TEMP_APP_BDG_TODAS_2018.fid--55ec4aa9_16935d20a6f_-7a2f,8081578,EG,DF,Brasília,5300108,22/07/2014,NÃO CONSTRUÍDO,,,,"-15,69632778","-48,13584722",GPS TOPOGRÁFICO,,,,SIRGAS2000,"  1105,0600",,,,,GPS TOPOGRÁFICO," 978076,28",
TEMP_APP_BDG_TODAS_2018.fid--55ec4aa9_16935d20a6f_-7a2e,8081579,EG,DF,Brasília,5300108,22/07/2014,NÃO CONSTRUÍDO,,,,"-15,69895833","-48,09739167",GPS TOPOGRÁFICO,,,,SIRGAS2000,"  1219,9800",,,,,GPS TOPOGRÁFICO," 978051,89",
TEMP_APP_BDG_TODAS_2018.fid--55ec4aa9_16935d20a6f_-7a2d,8081580,EG,DF,Brasília,5300108,22/07/2014,NÃO CONSTRUÍDO,,,,"-15,64723611","-48,09263611",GPS TOPOGRÁFICO,,,,SIRGAS2000,"  1199,6900",,,,,GPS TOPOGRÁFICO," 978055,61",
TEMP_APP_BDG_TODAS_2018.fid--55ec4aa9_16935d20a6f_-7a2c,8081581,EG,DF,Brasília,5300108,23/07/2014,NÃO CONSTRUÍDO,,,,"-15,57518056","-48,15095278",GPS TOPOGRÁFICO,,,,SIRGAS2000,"  1005,3500",,,,,GPS TOPOGRÁFICO," 978087,78",
TEMP_APP_BDG_TODAS_2018.fid--55ec4aa9_16935d20a6f_-7a2b,8081582,EG,DF,Brasília,5300108,23/07/2014,NÃO CONSTRUÍDO,,,,"-15,61510833","-48,09975000",GPS TOPOGRÁFICO,,,,SIRGAS2000,"  1231,9100",,,,,GPS TOPOGRÁFICO," 978047,44",
TEMP_APP_BDG_TODAS_2018.fid--55ec4aa9_16935d20a6f_-7a2a,8081583,EG,DF,Brasília,5300108,23/07/2014,NÃO CONSTRUÍDO,,,,"-15,57183333","-48,09499167",GPS TOPOGRÁFICO,,,,SIRGAS2000,"  1286,4700",,,,,GPS TOPOGRÁFICO," 978031,57",
TEMP_APP_BDG_TODAS_2018.fid--55ec4aa9_16935d20a6f_-7a29,8081584,EG,DF,Brasília,5300108,23/07/2014,NÃO CONSTRUÍDO,,,,"-15,57181389","-48,05209722",GPS TOPOGRÁFICO,,,,SIRGAS2000,"  1159,9600",,,,,GPS TOPOGRÁFICO," 978054,26",
TEMP_APP_BDG_TODAS_2018.fid--55ec4aa9_16935d20a6f_-7a28,8081585,EG,DF,Brasília,5300108,23/07/2014,NÃO CONSTRUÍDO,,,,"-15,61717778","-48,05473889",GPS TOPOGRÁFICO,,,,SIRGAS2000,"  1273,0200",,,,,GPS TOPOGRÁFICO," 978039,40",
TEMP_APP_BDG_TODAS_2018.fid--55ec4aa9_16935d20a6f_-7a27,8081586,EG,DF,Brasília,5300108,28/07/2014,NÃO CONSTRUÍDO,,,,"-15,54149444","-48,10750278",GPS TOPOGRÁFICO,,,,SIRGAS2000,"  1075,6600",,,,,GPS TOPOGRÁFICO," 978069,42",
TEMP_APP_BDG_TODAS_2018.fid--55ec4aa9_16935d20a6f_-7a26,8081587,EG,DF,Brasília,5300108,28/07/2014,NÃO CONSTRUÍDO,,,,"-15,52692500","-48,05288333",GPS TOPOGRÁFICO,,,,SIRGAS2000,"   935,2800",,,,,GPS TOPOGRÁFICO," 978092,73",
TEMP_APP_BDG_TODAS_2018.fid--55ec4aa9_16935d20a6f_-7a25,8081588,EG,DF,Brasília,5300108,28/07/2014,NÃO CONSTRUÍDO,,,,"-15,53366944","-48,01321667",GPS TOPOGRÁFICO,,,,SIRGAS2000,"  1197,0000",,,,,GPS TOPOGRÁFICO," 978044,10",
TEMP_APP_BDG_TODAS_2018.fid--55ec4aa9_16935d20a6f_-7a24,8080674,EG,DF,Brasília,5300108,12/04/2011,NÃO CONSTRUÍDO,,,,"-15,97277778","-47,58611111",GPS NAVEGAÇÃO,,,,SIRGAS2000,"  1034,9800",,,,Imbituba,NÃO INFORMADA," 978096,70",
TEMP_APP_BDG_TODAS_2018.fid--55ec4aa9_16935d20a6f_-7a23,8080675,EG,DF,Brasília,5300108,12/04/2011,NÃO CONSTRUÍDO,,,,"-15,98998056","-47,57523056",GPS TOPOGRÁFICO,,,,SIRGAS2000,"  1045,4700",,,,,GPS TOPOGRÁFICO," 978095,57",
TEMP_APP_BDG_TODAS_2018.fid--55ec4aa9_16935d20a6f_-7a22,8080676,EG,DF,Brasília,5300108,12/04/2011,NÃO CONSTRUÍDO,,,,"-16,00097500","-47,55414167",GPS TOPOGRÁFICO,,,,SIRGAS2000,"  1033,6900",,,,,GPS TOPOGRÁFICO," 978098,23",
TEMP_APP_BDG_TODAS_2018.fid--55ec4aa9_16935d20a6f_-7a21,8080680,EG,DF,Brasília,5300108,13/04/2011,NÃO CONSTRUÍDO,,,,"-15,99111111","-47,40166667",GPS NAVEGAÇÃO,,,,SIRGAS2000,"   900,9900",,,,Imbituba,NÃO INFORMADA," 978128,02",
TEMP_APP_BDG_TODAS_2018.fid--55ec4aa9_16935d20a6f_-7a20,8080681,EG,DF,Brasília,5300108,13/04/2011,NÃO CONSTRUÍDO,,,,"-15,96251667","-47,39732222",GPS TOPOGRÁFICO,,,,SIRGAS2000,"   903,4000",,,,,GPS TOPOGRÁFICO," 978126,78",
TEMP_APP_BDG_TODAS_2018.fid--55ec4aa9_16935d20a6f_-7a1f,8080682,EG,DF,Brasília,5300108,13/04/2011,NÃO CONSTRUÍDO,,,,"-15,92885278","-47,39825833",GPS TOPOGRÁFICO,,,,SIRGAS2000,"   922,7000",,,,,GPS TOPOGRÁFICO," 978122,36",
TEMP_APP_BDG_TODAS_2018.fid--55ec4aa9_16935d20a6f_-7a1e,8080683,EG,DF,Brasília,5300108,13/04/2011,NÃO CONSTRUÍDO,,,,"-15,91544444","-47,39610556",GPS TOPOGRÁFICO,,,,SIRGAS2000,"   925,4700",,,,,GPS TOPOGRÁFICO," 978121,55",
TEMP_APP_BDG_TODAS_2018.fid--55ec4aa9_16935d20a6f_-7a1d,8080684,EG,DF,Brasília,5300108,13/04/2011,NÃO CONSTRUÍDO,,,,"-15,89389722","-47,39306944",GPS TOPOGRÁFICO,,,,SIRGAS2000,"   857,7300",,,,,GPS TOPOGRÁFICO," 978135,83",
TEMP_APP_BDG_TODAS_2018.fid--55ec4aa9_16935d20a6f_-7a1c,8080685,EG,DF,Brasília,5300108,14/04/2011,NÃO CONSTRUÍDO,,,,"-15,86916667","-47,38861111",GPS NAVEGAÇÃO,,,,SIRGAS2000,"   888,6900",,,,Imbituba,NÃO INFORMADA," 978128,91",
TEMP_APP_BDG_TODAS_2018.fid--55ec4aa9_16935d20a6f_-7a1b,8080686,EG,DF,Brasília,5300108,14/04/2011,NÃO CONSTRUÍDO,,,,"-15,84222222","-47,38472222",GPS NAVEGAÇÃO,,,,SIRGAS2000,"   883,0300",,,,Imbituba,NÃO INFORMADA," 978130,49",
TEMP_APP_BDG_TODAS_2018.fid--55ec4aa9_16935d20a6f_-7a1a,8080687,EG,DF,Brasília,5300108,14/04/2011,NÃO CONSTRUÍDO,,,,"-15,81518611","-47,38147778",GPS TOPOGRÁFICO,,,,SIRGAS2000,"   921,0200",,,,,GPS TOPOGRÁFICO," 978122,36",
TEMP_APP_BDG_TODAS_2018.fid--55ec4aa9_16935d20a6f_-7a19,8080689,EG,DF,Brasília,5300108,14/04/2011,NÃO CONSTRUÍDO,,,,"-15,76501667","-47,38372778",GPS TOPOGRÁFICO,,,,SIRGAS2000,"   955,6300",,,,,GPS TOPOGRÁFICO," 978114,46",
TEMP_APP_BDG_TODAS_2018.fid--55ec4aa9_16935d20a6f_-7a18,8080691,EG,DF,Brasília,5300108,14/04/2011,NÃO CONSTRUÍDO,,,,"-15,71428056","-47,39041944",GPS TOPOGRÁFICO,,,,SIRGAS2000,"  1021,5700",,,,,GPS TOPOGRÁFICO," 978098,97",
TEMP_APP_BDG_TODAS_2018.fid--55ec4aa9_16935d20a6f_-7a17,8080692,EG,DF,Brasília,5300108,14/04/2011,NÃO CONSTRUÍDO,,,,"-15,68740278","-47,39057500",GPS TOPOGRÁFICO,,,,SIRGAS2000,"   982,8700",,,,,GPS TOPOGRÁFICO," 978106,19",
TEMP_APP_BDG_TODAS_2018.fid--55ec4aa9_16935d20a6f_-7a16,8080693,EG,DF,Brasília,5300108,15/04/2011,NÃO CONSTRUÍDO,,,,"-15,66769444","-47,37938611",GPS TOPOGRÁFICO,,,,SIRGAS2000,"   929,8600",,,,,GPS TOPOGRÁFICO," 978115,90",
TEMP_APP_BDG_TODAS_2018.fid--55ec4aa9_16935d20a6f_-7a15,8080694,EG,DF,Brasília,5300108,15/04/2011,NÃO CONSTRUÍDO,,,,"-15,65139167","-47,36185278",GPS TOPOGRÁFICO,,,,SIRGAS2000,"   896,8600",,,,,GPS TOPOGRÁFICO," 978121,25",
TEMP_APP_BDG_TODAS_2018.fid--55ec4aa9_16935d20a6f_-7a14,8080696,EG,DF,Brasília,5300108,15/04/2011,NÃO CONSTRUÍDO,,,,"-15,60521944","-47,35482778",GPS TOPOGRÁFICO,,,,SIRGAS2000,"   965,8000",,,,,GPS TOPOGRÁFICO," 978103,99",
TEMP_APP_BDG_TODAS_2018.fid--55ec4aa9_16935d20a6f_-7a13,8080697,EG,DF,Brasília,5300108,15/04/2011,NÃO CONSTRUÍDO,,,,"-15,58444444","-47,35166667",GPS NAVEGAÇÃO,,,,SIRGAS2000,"   910,6700",,,,Imbituba,NÃO INFORMADA," 978112,79",
TEMP_APP_BDG_TODAS_2018.fid--55ec4aa9_16935d20a6f_-7a12,8080699,EG,DF,Brasília,5300108,18/04/2011,NÃO CONSTRUÍDO,,,,"-15,89925000","-47,61065278",GPS TOPOGRÁFICO,,,,SIRGAS2000,"  1050,7000",,,,,GPS TOPOGRÁFICO," 978092,86",
TEMP_APP_BDG_TODAS_2018.fid--55ec4aa9_16935d20a6f_-7a11,8080700,EG,DF,Brasília,5300108,18/04/2011,NÃO CONSTRUÍDO,,,,"-15,87694444","-47,61722222",GPS NAVEGAÇÃO,,,,SIRGAS2000,"  1014,0800",,,,Imbituba,NÃO INFORMADA," 978101,04",
TEMP_APP_BDG_TODAS_2018.fid--55ec4aa9_16935d20a6f_-7a10,8080702,EG,DF,Brasília,5300108,18/04/2011,NÃO CONSTRUÍDO,,,,"-15,82532778","-47,63154722",GPS TOPOGRÁFICO,,,,SIRGAS2000,"  1055,0700",,,,,GPS TOPOGRÁFICO," 978090,45",
TEMP_APP_BDG_TODAS_2018.fid--55ec4aa9_16935d20a6f_-7a0f,8080703,EG,DF,Brasília,5300108,18/04/2011,NÃO CONSTRUÍDO,,,,"-15,80239167","-47,63798333",GPS TOPOGRÁFICO,,,,SIRGAS2000,"  1041,7800",,,,,GPS TOPOGRÁFICO," 978091,99",
TEMP_APP_BDG_TODAS_2018.fid--55ec4aa9_16935d20a6f_-7a0e,8080704,EG,DF,Brasília,5300108,19/04/2011,NÃO CONSTRUÍDO,,,,"-15,77798611","-47,64817222",GPS TOPOGRÁFICO,,,,SIRGAS2000,"   957,3700",,,,,GPS TOPOGRÁFICO," 978108,47",
TEMP_APP_BDG_TODAS_2018.fid--55ec4aa9_16935d20a6f_-7a0d,8080705,EG,DF,Brasília,5300108,19/04/2011,NÃO CONSTRUÍDO,,,,"-15,75706389","-47,66000000",GPS TOPOGRÁFICO,,,,SIRGAS2000,"   944,0300",,,,,GPS TOPOGRÁFICO," 978109,34",
TEMP_APP_BDG_TODAS_2018.fid--55ec4aa9_16935d20a6f_-7a0c,8080707,EG,DF,Brasília,5300108,19/04/2011,NÃO CONSTRUÍDO,,,,"-15,72750000","-47,66055556",GPS NAVEGAÇÃO,,,,SIRGAS2000,"   938,5000",,,,Imbituba,NÃO INFORMADA," 978108,87",
TEMP_APP_BDG_TODAS_2018.fid--55ec4aa9_16935d20a6f_-7a0b,8080709,EG,DF,Brasília,5300108,19/04/2011,NÃO CONSTRUÍDO,,,,"-15,68527778","-47,65166667",GPS NAVEGAÇÃO,,,,SIRGAS2000,"   919,7400",,,,Imbituba,NÃO INFORMADA," 978114,38",
TEMP_APP_BDG_TODAS_2018.fid--55ec4aa9_16935d20a6f_-7a0a,8080710,EG,DF,Brasília,5300108,19/04/2011,NÃO CONSTRUÍDO,,,,"-15,66096944","-47,64766111",GPS TOPOGRÁFICO,,,,SIRGAS2000,"   934,9900",,,,,GPS TOPOGRÁFICO," 978109,89",
TEMP_APP_BDG_TODAS_2018.fid--55ec4aa9_16935d20a6f_-7a09,8080712,EG,DF,Brasília,5300108,19/04/2011,NÃO CONSTRUÍDO,,,,"-15,68527778","-47,67916667",GPS NAVEGAÇÃO,,,,SIRGAS2000,"  1033,9500",,,,Imbituba,NÃO INFORMADA," 978090,38",
TEMP_APP_BDG_TODAS_2018.fid--55ec4aa9_16935d20a6f_-7a08,8080714,EG,DF,Brasília,5300108,20/04/2011,NÃO CONSTRUÍDO,,,,"-15,68615000","-48,20525833",GPS TOPOGRÁFICO,,,,SIRGAS2000,"  1090,5300",,,,,GPS TOPOGRÁFICO," 978076,35",
TEMP_APP_BDG_TODAS_2018.fid--55ec4aa9_16935d20a6f_-7a07,8080717,EG,DF,Brasília,5300108,25/04/2011,NÃO CONSTRUÍDO,,,,"-15,68189167","-48,19358611",GPS TOPOGRÁFICO,,,,SIRGAS2000,"  1095,5300",,,,,GPS TOPOGRÁFICO," 978074,97",
TEMP_APP_BDG_TODAS_2018.fid--55ec4aa9_16935d20a6f_-7a06,8080719,EG,DF,Brasília,5300108,25/04/2011,NÃO CONSTRUÍDO,,,,"-15,65414167","-48,20194722",GPS TOPOGRÁFICO,,,,SIRGAS2000,"  1142,3700",,,,,GPS TOPOGRÁFICO," 978063,57",
TEMP_APP_BDG_TODAS_2018.fid--55ec4aa9_16935d20a6f_-7a05,8080720,EG,DF,Brasília,5300108,25/04/2011,NÃO CONSTRUÍDO,,,,"-15,62944444","-48,19972222",GPS NAVEGAÇÃO,,,,SIRGAS2000,"  1095,7700",,,,Imbituba,NÃO INFORMADA," 978070,64",
TEMP_APP_BDG_TODAS_2018.fid--55ec4aa9_16935d20a6f_-7a04,8080723,EG,DF,Brasília,5300108,26/04/2011,NÃO CONSTRUÍDO,,,,"-15,58800556","-48,19188611",GPS TOPOGRÁFICO,,,,SIRGAS2000,"  1015,8200",,,,,GPS TOPOGRÁFICO," 978087,29",
TEMP_APP_BDG_TODAS_2018.fid--55ec4aa9_16935d20a6f_-7a03,8080726,EG,DF,Brasília,5300108,26/04/2011,NÃO CONSTRUÍDO,,,,"-15,53480278","-48,19183889",GPS TOPOGRÁFICO,,,,SIRGAS2000,"   888,3300",,,,,GPS TOPOGRÁFICO," 978106,45",
TEMP_APP_BDG_TODAS_2018.fid--55ec4aa9_16935d20a6f_-7a02,8080860,EG,DF,Brasília,5300108,26/04/2011,NÃO CONSTRUÍDO,,,,"-15,52577500","-48,19106667",GPS TOPOGRÁFICO,,,,SIRGAS2000,"   877,7700",,,,,GPS TOPOGRÁFICO," 978106,53",
TEMP_APP_BDG_TODAS_2018.fid--55ec4aa9_16935d20a6f_-7a01,8080657,EG,DF,Brasília,5300108,11/04/2011,NÃO CONSTRUÍDO,,,,"-15,97484722","-47,97836389",GPS TOPOGRÁFICO,,,,SIRGAS2000,"  1215,9800",,,,,GPS TOPOGRÁFICO," 978059,12",
TEMP_APP_BDG_TODAS_2018.fid--55ec4aa9_16935d20a6f_-7a00,8080658,EG,DF,Brasília,5300108,11/04/2011,NÃO CONSTRUÍDO,,,,"-15,98324444","-47,94566111",GPS TOPOGRÁFICO,,,,SIRGAS2000,"  1197,5900",,,,,GPS TOPOGRÁFICO," 978061,75",
TEMP_APP_BDG_TODAS_2018.fid--55ec4aa9_16935d20a6f_-79ff,8080659,EG,DF,Brasília,5300108,11/04/2011,NÃO CONSTRUÍDO,,,,"-15,98103056","-47,92351944",GPS TOPOGRÁFICO,,,,SIRGAS2000,"  1195,5800",,,,,GPS TOPOGRÁFICO," 978061,09",
TEMP_APP_BDG_TODAS_2018.fid--55ec4aa9_16935d20a6f_-79fe,8080660,EG,DF,Brasília,5300108,11/04/2011,NÃO CONSTRUÍDO,,,,"-15,97659722","-47,91094444",GPS TOPOGRÁFICO,,,,SIRGAS2000,"  1174,9600",,,,,GPS TOPOGRÁFICO," 978065,27",
TEMP_APP_BDG_TODAS_2018.fid--55ec4aa9_16935d20a6f_-79fd,8080661,EG,DF,Brasília,5300108,11/04/2011,NÃO CONSTRUÍDO,,,,"-15,96794722","-47,88783056",GPS TOPOGRÁFICO,,,,SIRGAS2000,"  1137,7600",,,,,GPS TOPOGRÁFICO," 978073,05",
TEMP_APP_BDG_TODAS_2018.fid--55ec4aa9_16935d20a6f_-79fc,8080662,EG,DF,Brasília,5300108,11/04/2011,NÃO CONSTRUÍDO,,,,"-15,95241667","-47,86261389",GPS TOPOGRÁFICO,,,,SIRGAS2000,"  1133,8500",,,,,GPS TOPOGRÁFICO," 978073,95",
TEMP_APP_BDG_TODAS_2018.fid--55ec4aa9_16935d20a6f_-79fb,8080665,EG,DF,Brasília,5300108,11/04/2011,NÃO CONSTRUÍDO,,,,"-15,93884444","-47,76017778",GPS TOPOGRÁFICO,,,,SIRGAS2000,"  1021,7000",,,,,GPS TOPOGRÁFICO," 978096,91",
TEMP_APP_BDG_TODAS_2018.fid--55ec4aa9_16935d20a6f_-79fa,8081928,EG,DF,Brasília,5300108,27/05/2013,NÃO CONSTRUÍDO,,,,"-16,02991667","-47,34802500",GPS TOPOGRÁFICO,,,,SIRGAS2000,"   878,2700",,,,,GPS TOPOGRÁFICO," 978135,75",
TEMP_APP_BDG_TODAS_2018.fid--55ec4aa9_16935d20a6f_-79f9,8081299,EG,DF,Brasília,5300108,27/05/2013,NÃO CONSTRUÍDO,,,,"-16,02530278","-47,38913056",GPS TOPOGRÁFICO,,,,SIRGAS2000,"   918,6500",,,,,GPS TOPOGRÁFICO," 978126,35",
TEMP_APP_BDG_TODAS_2018.fid--55ec4aa9_16935d20a6f_-79f8,8081300,EG,DF,Brasília,5300108,27/05/2013,NÃO CONSTRUÍDO,,,,"-15,98916389","-47,42378333",GPS TOPOGRÁFICO,,,,SIRGAS2000,"   918,1800",,,,,GPS TOPOGRÁFICO," 978123,86",
TEMP_APP_BDG_TODAS_2018.fid--55ec4aa9_16935d20a6f_-79f7,8081301,EG,DF,Brasília,5300108,27/05/2013,NÃO CONSTRUÍDO,,,,"-16,02131111","-47,47029444",GPS TOPOGRÁFICO,,,,SIRGAS2000,"   938,6500",,,,,GPS TOPOGRÁFICO," 978119,44",
TEMP_APP_BDG_TODAS_2018.fid--55ec4aa9_16935d20a6f_-79f6,8081302,EG,DF,Brasília,5300108,27/05/2013,NÃO CONSTRUÍDO,,,,"-15,98866389","-47,47553333",GPS TOPOGRÁFICO,,,,SIRGAS2000,"   917,9400",,,,,GPS TOPOGRÁFICO," 978123,10",
TEMP_APP_BDG_TODAS_2018.fid--55ec4aa9_16935d20a6f_-79f5,8081303,EG,DF,Brasília,5300108,27/05/2013,NÃO CONSTRUÍDO,,,,"-16,02676111","-47,51304444",GPS TOPOGRÁFICO,,,,SIRGAS2000,"   951,2800",,,,,GPS TOPOGRÁFICO," 978116,17",
TEMP_APP_BDG_TODAS_2018.fid--55ec4aa9_16935d20a6f_-79f4,8081304,EG,DF,Brasília,5300108,27/05/2013,NÃO CONSTRUÍDO,,,,"-15,98973889","-47,51818056",GPS TOPOGRÁFICO,,,,SIRGAS2000,"   973,0900",,,,,GPS TOPOGRÁFICO," 978110,55",
TEMP_APP_BDG_TODAS_2018.fid--55ec4aa9_16935d20a6f_-79f3,8081305,EG,DF,Brasília,5300108,27/05/2013,NÃO CONSTRUÍDO,,,,"-16,02789167","-47,59763611",GPS TOPOGRÁFICO,,,,SIRGAS2000,"  1002,9900",,,,,GPS TOPOGRÁFICO," 978104,36",
TEMP_APP_BDG_TODAS_2018.fid--55ec4aa9_16935d20a6f_-79f2,8081654,EG,DF,Brasília,5300108,20/08/2014,NÃO CONSTRUÍDO,,,,"-15,52432500","-47,80826389",GPS TOPOGRÁFICO,,,,SIRGAS2000,"   803,4100",,,,,GPS TOPOGRÁFICO," 978128,85",
TEMP_APP_BDG_TODAS_2018.fid--55ec4aa9_16935d20a6f_-79f1,8081655,EG,DF,Brasília,5300108,20/08/2014,NÃO CONSTRUÍDO,,,,"-15,52746944","-47,76535000",GPS TOPOGRÁFICO,,,,SIRGAS2000,"   800,6200",,,,,GPS TOPOGRÁFICO," 978131,04",
TEMP_APP_BDG_TODAS_2018.fid--55ec4aa9_16935d20a6f_-79f0,8081656,EG,DF,Brasília,5300108,20/08/2014,NÃO CONSTRUÍDO,,,,"-15,52900833","-47,72288056",GPS TOPOGRÁFICO,,,,SIRGAS2000,"   855,9100",,,,,GPS TOPOGRÁFICO," 978119,13",
TEMP_APP_BDG_TODAS_2018.fid--55ec4aa9_16935d20a6f_-79ef,8081657,EG,DF,Brasília,5300108,20/08/2014,NÃO CONSTRUÍDO,,,,"-15,52870833","-47,68277222",GPS TOPOGRÁFICO,,,,SIRGAS2000,"  1005,6100",,,,,GPS TOPOGRÁFICO," 978088,71",
TEMP_APP_BDG_TODAS_2018.fid--55ec4aa9_16935d20a6f_-79ee,8081658,EG,DF,Brasília,5300108,21/08/2014,NÃO CONSTRUÍDO,,,,"-15,50816389","-47,78068333",GPS TOPOGRÁFICO,,,,SIRGAS2000,"   768,3400",,,,,GPS TOPOGRÁFICO," 978134,59",
TEMP_APP_BDG_TODAS_2018.fid--55ec4aa9_16935d20a6f_-79ed,8081682,EG,DF,Brasília,5300108,28/08/2014,NÃO CONSTRUÍDO,,,,"-15,57373611","-47,38495833",GPS TOPOGRÁFICO,,,,SIRGAS2000,"   926,0300",,,,,GPS TOPOGRÁFICO," 978108,36",
TEMP_APP_BDG_TODAS_2018.fid--55ec4aa9_16935d20a6f_-79ec,8081683,EG,DF,Brasília,5300108,28/08/2014,NÃO CONSTRUÍDO,,,,"-15,57390556","-47,43359167",GPS TOPOGRÁFICO,,,,SIRGAS2000,"   977,1000",,,,,GPS TOPOGRÁFICO," 978098,45",
TEMP_APP_BDG_TODAS_2018.fid--55ec4aa9_16935d20a6f_-79eb,8081684,EG,DF,Brasília,5300108,28/08/2014,NÃO CONSTRUÍDO,,,,"-15,57427222","-47,47584167",GPS TOPOGRÁFICO,,,,SIRGAS2000,"  1107,1200",,,,,GPS TOPOGRÁFICO," 978067,49",
TEMP_APP_BDG_TODAS_2018.fid--55ec4aa9_16935d20a6f_-79ea,8081685,EG,DF,Brasília,5300108,28/08/2014,NÃO CONSTRUÍDO,,,,"-15,56681389","-47,51750000",GPS TOPOGRÁFICO,,,,SIRGAS2000,"  1069,3000",,,,,GPS TOPOGRÁFICO," 978081,33",
TEMP_APP_BDG_TODAS_2018.fid--55ec4aa9_16935d20a6f_-79e9,8081686,EG,DF,Brasília,5300108,28/08/2014,NÃO CONSTRUÍDO,,,,"-15,60768056","-47,52004444",GPS TOPOGRÁFICO,,,,SIRGAS2000,"  1081,3800",,,,,GPS TOPOGRÁFICO," 978080,01",
TEMP_APP_BDG_TODAS_2018.fid--55ec4aa9_16935d20a6f_-79e8,8081687,EG,DF,Brasília,5300108,28/08/2014,NÃO CONSTRUÍDO,,,,"-15,61725556","-47,47860278",GPS TOPOGRÁFICO,,,,SIRGAS2000,"  1114,7300",,,,,GPS TOPOGRÁFICO," 978070,35",
TEMP_APP_BDG_TODAS_2018.fid--55ec4aa9_16935d20a6f_-79e7,8081688,EG,DF,Brasília,5300108,28/08/2014,NÃO CONSTRUÍDO,,,,"-15,61445000","-47,43167500",GPS TOPOGRÁFICO,,,,SIRGAS2000,"   905,0000",,,,,GPS TOPOGRÁFICO," 978117,54",
TEMP_APP_BDG_TODAS_2018.fid--55ec4aa9_16935d20a6f_-79e6,8081689,EG,DF,Brasília,5300108,28/08/2014,NÃO CONSTRUÍDO,,,,"-15,66005833","-47,43189444",GPS TOPOGRÁFICO,,,,SIRGAS2000,"   927,4800",,,,,GPS TOPOGRÁFICO," 978117,47",
TEMP_APP_BDG_TODAS_2018.fid--55ec4aa9_16935d20a6f_-79e5,8081690,EG,DF,Brasília,5300108,28/08/2014,NÃO CONSTRUÍDO,,,,"-15,61253056","-47,40266944",GPS TOPOGRÁFICO,,,,SIRGAS2000,"   962,6600",,,,,GPS TOPOGRÁFICO," 978105,44",
TEMP_APP_BDG_TODAS_2018.fid--55ec4aa9_16935d20a6f_-79e4,8081691,EG,DF,Brasília,5300108,28/08/2014,NÃO CONSTRUÍDO,,,,"-15,61435278","-47,35879167",GPS TOPOGRÁFICO,,,,SIRGAS2000,"   953,1700",,,,,GPS TOPOGRÁFICO," 978106,01",
TEMP_APP_BDG_TODAS_2018.fid--55ec4aa9_16935d20a6f_-79e3,8081646,EG,DF,Brasília,5300108,19/08/2014,NÃO CONSTRUÍDO,,,,"-15,51957222","-47,57831944",GPS TOPOGRÁFICO,,,,SIRGAS2000,"  1005,6600",,,,,GPS TOPOGRÁFICO," 978088,61",
TEMP_APP_BDG_TODAS_2018.fid--55ec4aa9_16935d20a6f_-79e2,8081647,EG,DF,Brasília,5300108,19/08/2014,NÃO CONSTRUÍDO,,,,"-15,52045000","-47,52289167",GPS TOPOGRÁFICO,,,,SIRGAS2000,"  1191,7200",,,,,GPS TOPOGRÁFICO," 978052,79",
TEMP_APP_BDG_TODAS_2018.fid--55ec4aa9_16935d20a6f_-79e1,8081648,EG,DF,Brasília,5300108,19/08/2014,NÃO CONSTRUÍDO,,,,"-15,52567778","-47,47841667",GPS TOPOGRÁFICO,,,,SIRGAS2000,"  1125,5600",,,,,GPS TOPOGRÁFICO," 978058,94",
TEMP_APP_BDG_TODAS_2018.fid--55ec4aa9_16935d20a6f_-79e0,8081650,EG,DF,Brasília,5300108,20/08/2014,NÃO CONSTRUÍDO,,,,"-15,52886111","-47,84809444",GPS TOPOGRÁFICO,,,,SIRGAS2000,"   838,7700",,,,,GPS TOPOGRÁFICO," 978120,22",
TEMP_APP_BDG_TODAS_2018.fid--55ec4aa9_16935d20a6f_-79df,8081589,EG,DF,Brasília,5300108,28/07/2014,NÃO CONSTRUÍDO,,,,"-15,57334444","-48,01641944",GPS TOPOGRÁFICO,,,,SIRGAS2000,"  1287,1900",,,,,GPS TOPOGRÁFICO," 978030,23",
TEMP_APP_BDG_TODAS_2018.fid--55ec4aa9_16935d20a6f_-79de,8081590,EG,DF,Brasília,5300108,28/07/2014,NÃO CONSTRUÍDO,,,,"-15,57234722","-47,97336667",GPS TOPOGRÁFICO,,,,SIRGAS2000,"  1176,5100",,,,,GPS TOPOGRÁFICO," 978051,19",
TEMP_APP_BDG_TODAS_2018.fid--55ec4aa9_16935d20a6f_-79dd,8081592,EG,DF,Brasília,5300108,29/07/2014,NÃO CONSTRUÍDO,,,,"-15,56816944","-47,84869722",GPS TOPOGRÁFICO,,,,SIRGAS2000,"   877,5300",,,,,GPS TOPOGRÁFICO," 978116,79",
TEMP_APP_BDG_TODAS_2018.fid--55ec4aa9_16935d20a6f_-79dc,8081593,EG,DF,Brasília,5300108,29/07/2014,NÃO CONSTRUÍDO,,,,"-15,57131111","-47,92877500",GPS TOPOGRÁFICO,,,,SIRGAS2000,"   895,5900",,,,,GPS TOPOGRÁFICO," 978108,34",
TEMP_APP_BDG_TODAS_2018.fid--55ec4aa9_16935d20a6f_-79db,8081594,EG,DF,Brasília,5300108,29/07/2014,NÃO CONSTRUÍDO,,,,"-15,55866944","-47,89314722",GPS TOPOGRÁFICO,,,,SIRGAS2000,"   989,4000",,,,,GPS TOPOGRÁFICO," 978092,23",
TEMP_APP_BDG_TODAS_2018.fid--55ec4aa9_16935d20a6f_-79da,8081595,EG,DF,Brasília,5300108,29/07/2014,NÃO CONSTRUÍDO,,,,"-15,60359167","-47,88852222",GPS TOPOGRÁFICO,,,,SIRGAS2000,"   905,5300",,,,,GPS TOPOGRÁFICO," 978109,59",
TEMP_APP_BDG_TODAS_2018.fid--55ec4aa9_16935d20a6f_-79d9,8081596,EG,DF,Brasília,5300108,29/07/2014,NÃO CONSTRUÍDO,,,,"-15,65153889","-47,84671944",GPS TOPOGRÁFICO,,,,SIRGAS2000,"  1091,4200",,,,,GPS TOPOGRÁFICO," 978073,62",
TEMP_APP_BDG_TODAS_2018.fid--55ec4aa9_16935d20a6f_-79d8,8081597,EG,DF,Brasília,5300108,29/07/2014,NÃO CONSTRUÍDO,,,,"-15,61253611","-47,92916667",GPS TOPOGRÁFICO,,,,SIRGAS2000,"  1221,7500",,,,,GPS TOPOGRÁFICO," 978046,66",
TEMP_APP_BDG_TODAS_2018.fid--55ec4aa9_16935d20a6f_-79d7,8081598,EG,DF,Brasília,5300108,29/07/2014,NÃO CONSTRUÍDO,,,,"-15,60611944","-47,96681667",GPS TOPOGRÁFICO,,,,SIRGAS2000,"  1220,3100",,,,,GPS TOPOGRÁFICO," 978046,58",
TEMP_APP_BDG_TODAS_2018.fid--55ec4aa9_16935d20a6f_-79d6,8081599,EG,DF,Brasília,5300108,30/07/2014,NÃO CONSTRUÍDO,,,,"-15,61616111","-47,85036111",GPS TOPOGRÁFICO,,,,SIRGAS2000,"  1083,9400",,,,,GPS TOPOGRÁFICO," 978074,05",
TEMP_APP_BDG_TODAS_2018.fid--55ec4aa9_16935d20a6f_-79d5,8081600,EG,DF,Brasília,5300108,30/07/2014,NÃO CONSTRUÍDO,,,,"-15,61568056","-47,80898333",GPS TOPOGRÁFICO,,,,SIRGAS2000,"  1190,6900",,,,,GPS TOPOGRÁFICO," 978056,37",
TEMP_APP_BDG_TODAS_2018.fid--55ec4aa9_16935d20a6f_-79d4,8081601,EG,DF,Brasília,5300108,30/07/2014,NÃO CONSTRUÍDO,,,,"-15,65243333","-47,76526111",GPS TOPOGRÁFICO,,,,SIRGAS2000,"  1176,7000",,,,,GPS TOPOGRÁFICO," 978060,64",
TEMP_APP_BDG_TODAS_2018.fid--55ec4aa9_16935d20a6f_-79d3,8081602,EG,DF,Brasília,5300108,30/07/2014,NÃO CONSTRUÍDO,,,,"-15,61374722","-47,76595556",GPS TOPOGRÁFICO,,,,SIRGAS2000,"  1196,7600",,,,,GPS TOPOGRÁFICO," 978056,06",
TEMP_APP_BDG_TODAS_2018.fid--55ec4aa9_16935d20a6f_-79d2,8081639,EG,DF,Brasília,5300108,18/08/2014,NÃO CONSTRUÍDO,,,,"-15,52281667","-47,42979444",GPS TOPOGRÁFICO,,,,SIRGAS2000,"  1047,5600",,,,,GPS TOPOGRÁFICO," 978078,11",
TEMP_APP_BDG_TODAS_2018.fid--55ec4aa9_16935d20a6f_-79d1,8081543,EG,DF,Brasília,5300108,07/07/2014,NÃO CONSTRUÍDO,,,,"-15,94713611","-48,09901944",GPS TOPOGRÁFICO,,,,SIRGAS2000,"  1111,3200",,,,,GPS TOPOGRÁFICO," 978084,24",
TEMP_APP_BDG_TODAS_2018.fid--55ec4aa9_16935d20a6f_-79d0,8081544,EG,DF,Brasília,5300108,07/07/2014,NÃO CONSTRUÍDO,,,,"-15,94232222","-48,14363056",GPS TOPOGRÁFICO,,,,SIRGAS2000,"   980,8500",,,,,GPS TOPOGRÁFICO," 978111,76",
TEMP_APP_BDG_TODAS_2018.fid--55ec4aa9_16935d20a6f_-79cf,8081545,EG,DF,Brasília,5300108,07/07/2014,NÃO CONSTRUÍDO,,,,"-15,99613611","-48,14278333",GPS TOPOGRÁFICO,,,,SIRGAS2000,"  1016,8900",,,,,GPS TOPOGRÁFICO," 978106,51",
TEMP_APP_BDG_TODAS_2018.fid--55ec4aa9_16935d20a6f_-79ce,8081546,EG,DF,Brasília,5300108,07/07/2014,NÃO CONSTRUÍDO,,,,"-15,98886944","-48,09779444",GPS TOPOGRÁFICO,,,,SIRGAS2000,"  1009,1700",,,,,GPS TOPOGRÁFICO," 978104,13",
TEMP_APP_BDG_TODAS_2018.fid--55ec4aa9_16935d20a6f_-79cd,8081547,EG,DF,Brasília,5300108,07/07/2014,NÃO CONSTRUÍDO,,,,"-15,98843889","-48,05493889",GPS TOPOGRÁFICO,,,,SIRGAS2000,"  1194,4600",,,,,GPS TOPOGRÁFICO," 978067,88",
TEMP_APP_BDG_TODAS_2018.fid--55ec4aa9_16935d20a6f_-79cc,8081548,EG,DF,Brasília,5300108,07/07/2014,NÃO CONSTRUÍDO,,,,"-15,98842222","-48,02345556",GPS TOPOGRÁFICO,,,,SIRGAS2000,"  1253,2000",,,,,GPS TOPOGRÁFICO," 978054,32",
TEMP_APP_BDG_TODAS_2018.fid--55ec4aa9_16935d20a6f_-79cb,8081549,EG,DF,Brasília,5300108,09/07/2014,NÃO CONSTRUÍDO,,,,"-15,90599722","-48,14035278",GPS TOPOGRÁFICO,,,,SIRGAS2000,"  1070,2000",,,,,GPS TOPOGRÁFICO," 978090,72",
TEMP_APP_BDG_TODAS_2018.fid--55ec4aa9_16935d20a6f_-79ca,8081550,EG,DF,Brasília,5300108,09/07/2014,NÃO CONSTRUÍDO,,,,"-15,94781111","-48,22703333",GPS TOPOGRÁFICO,,,,SIRGAS2000,"   951,7400",,,,,GPS TOPOGRÁFICO," 978119,83",
TEMP_APP_BDG_TODAS_2018.fid--55ec4aa9_16935d20a6f_-79c9,8081551,EG,DF,Brasília,5300108,09/07/2014,NÃO CONSTRUÍDO,,,,"-15,94595278","-48,18157778",GPS TOPOGRÁFICO,,,,SIRGAS2000,"  1087,9100",,,,,GPS TOPOGRÁFICO," 978091,90",
TEMP_APP_BDG_TODAS_2018.fid--55ec4aa9_16935d20a6f_-79c8,8081552,EG,DF,Brasília,5300108,09/07/2014,NÃO CONSTRUÍDO,,,,"-15,98726389","-48,18135556",GPS TOPOGRÁFICO,,,,SIRGAS2000,"  1063,7500",,,,,GPS TOPOGRÁFICO," 978098,86",
TEMP_APP_BDG_TODAS_2018.fid--55ec4aa9_16935d20a6f_-79c7,8081553,EG,DF,Brasília,5300108,09/07/2014,NÃO CONSTRUÍDO,,,,"-15,98858056","-48,22586667",GPS TOPOGRÁFICO,,,,SIRGAS2000,"  1059,0600",,,,,GPS TOPOGRÁFICO," 978101,80",
TEMP_APP_BDG_TODAS_2018.fid--55ec4aa9_16935d20a6f_-79c6,8081554,EG,DF,Brasília,5300108,09/07/2014,NÃO CONSTRUÍDO,,,,"-16,02493611","-48,22152222",GPS TOPOGRÁFICO,,,,SIRGAS2000,"  1046,6400",,,,,GPS TOPOGRÁFICO," 978104,94",
TEMP_APP_BDG_TODAS_2018.fid--55ec4aa9_16935d20a6f_-79c5,8081555,EG,DF,Brasília,5300108,09/07/2014,NÃO CONSTRUÍDO,,,,"-16,02826944","-48,17618333",GPS TOPOGRÁFICO,,,,SIRGAS2000,"  1062,1600",,,,,GPS TOPOGRÁFICO," 978099,85",
TEMP_APP_BDG_TODAS_2018.fid--55ec4aa9_16935d20a6f_-79c4,8081556,EG,DF,Brasília,5300108,10/07/2014,NÃO CONSTRUÍDO,,,,"-16,03930000","-47,93567500",GPS TOPOGRÁFICO,,,,SIRGAS2000,"  1111,2300",,,,,GPS TOPOGRÁFICO," 978080,67",
TEMP_APP_BDG_TODAS_2018.fid--55ec4aa9_16935d20a6f_-79c3,8081557,EG,DF,Brasília,5300108,10/07/2014,NÃO CONSTRUÍDO,,,,"-16,02946944","-48,13598056",GPS TOPOGRÁFICO,,,,SIRGAS2000,"   932,8500",,,,,GPS TOPOGRÁFICO," 978124,25",
TEMP_APP_BDG_TODAS_2018.fid--55ec4aa9_16935d20a6f_-79c2,8081558,EG,DF,Brasília,5300108,10/07/2014,NÃO CONSTRUÍDO,,,,"-16,02854444","-48,09723056",GPS TOPOGRÁFICO,,,,SIRGAS2000,"   976,4300",,,,,GPS TOPOGRÁFICO," 978110,22",
TEMP_APP_BDG_TODAS_2018.fid--55ec4aa9_16935d20a6f_-79c1,8081559,EG,DF,Brasília,5300108,10/07/2014,NÃO CONSTRUÍDO,,,,"-15,98855833","-47,96793333",GPS TOPOGRÁFICO,,,,SIRGAS2000,"  1181,4300",,,,,GPS TOPOGRÁFICO," 978065,84",
TEMP_APP_BDG_TODAS_2018.fid--55ec4aa9_16935d20a6f_-79c0,8081560,EG,DF,Brasília,5300108,14/07/2014,NÃO CONSTRUÍDO,,,,"-15,99924722","-47,64008333",GPS TOPOGRÁFICO,,,,SIRGAS2000,"   890,4600",,,,,GPS TOPOGRÁFICO," 978125,48",
TEMP_APP_BDG_TODAS_2018.fid--55ec4aa9_16935d20a6f_-79bf,8081561,EG,DF,Brasília,5300108,14/07/2014,NÃO CONSTRUÍDO,,,,"-15,90741389","-47,69116111",GPS TOPOGRÁFICO,,,,SIRGAS2000,"   856,6600",,,,,GPS TOPOGRÁFICO," 978131,91",
TEMP_APP_BDG_TODAS_2018.fid--55ec4aa9_16935d20a6f_-79be,8081562,EG,DF,Brasília,5300108,14/07/2014,NÃO CONSTRUÍDO,,,,"-15,78119444","-47,86115556",GPS TOPOGRÁFICO,,,,SIRGAS2000,"  1011,6300",,,,,GPS TOPOGRÁFICO," 978092,42",
TEMP_APP_BDG_TODAS_2018.fid--55ec4aa9_16935d20a6f_-79bd,8081563,EG,DF,Brasília,5300108,14/07/2014,NÃO CONSTRUÍDO,,,,"-15,90441111","-48,01105278",GPS TOPOGRÁFICO,,,,SIRGAS2000,"  1089,1600",,,,,GPS TOPOGRÁFICO," 978086,48",
TEMP_APP_BDG_TODAS_2018.fid--55ec4aa9_16935d20a6f_-79bc,8081564,EG,DF,Brasília,5300108,15/07/2014,NÃO CONSTRUÍDO,,,,"-15,90478333","-48,18235833",GPS TOPOGRÁFICO,,,,SIRGAS2000,"   984,9000",,,,,GPS TOPOGRÁFICO," 978111,08",
TEMP_APP_BDG_TODAS_2018.fid--55ec4aa9_16935d20a6f_-79bb,8081565,EG,DF,Brasília,5300108,15/07/2014,NÃO CONSTRUÍDO,,,,"-15,90544722","-48,22462778",GPS TOPOGRÁFICO,,,,SIRGAS2000,"   928,0400",,,,,GPS TOPOGRÁFICO," 978123,35",
TEMP_APP_BDG_TODAS_2018.fid--55ec4aa9_16935d20a6f_-79ba,8081401,EG,DF,Brasília,5300108,03/07/2013,NÃO CONSTRUÍDO,,,,"-15,82133056","-47,43218611",GPS TOPOGRÁFICO,,,,SIRGAS2000,"   889,0200",,,,,GPS TOPOGRÁFICO," 978127,51",
TEMP_APP_BDG_TODAS_2018.fid--55ec4aa9_16935d20a6f_-79b9,8081402,EG,DF,Brasília,5300108,03/07/2013,NÃO CONSTRUÍDO,,,,"-15,82164167","-47,47391111",GPS TOPOGRÁFICO,,,,SIRGAS2000,"   970,8200",,,,,GPS TOPOGRÁFICO," 978111,19",
TEMP_APP_BDG_TODAS_2018.fid--55ec4aa9_16935d20a6f_-79b8,8081403,EG,DF,Brasília,5300108,03/07/2013,NÃO CONSTRUÍDO,,,,"-15,81898056","-47,51524444",GPS TOPOGRÁFICO,,,,SIRGAS2000,"   950,0900",,,,,GPS TOPOGRÁFICO," 978114,85",
TEMP_APP_BDG_TODAS_2018.fid--55ec4aa9_16935d20a6f_-79b7,8081404,EG,DF,Brasília,5300108,04/07/2013,NÃO CONSTRUÍDO,,,,"-15,82181944","-47,55842778",GPS TOPOGRÁFICO,,,,SIRGAS2000,"   918,6300",,,,,GPS TOPOGRÁFICO," 978119,95",
TEMP_APP_BDG_TODAS_2018.fid--55ec4aa9_16935d20a6f_-79b6,8081405,EG,DF,Brasília,5300108,04/07/2013,NÃO CONSTRUÍDO,,,,"-15,77944722","-47,59727778",GPS TOPOGRÁFICO,,,,SIRGAS2000,"   990,8100",,,,,GPS TOPOGRÁFICO," 978103,87",
TEMP_APP_BDG_TODAS_2018.fid--55ec4aa9_16935d20a6f_-79b5,8081406,EG,DF,Brasília,5300108,04/07/2013,NÃO CONSTRUÍDO,,,,"-15,73756944","-47,59620556",GPS TOPOGRÁFICO,,,,SIRGAS2000,"  1089,2700",,,,,GPS TOPOGRÁFICO," 978081,95",
TEMP_APP_BDG_TODAS_2018.fid--55ec4aa9_16935d20a6f_-79b4,8081407,EG,DF,Brasília,5300108,04/07/2013,NÃO CONSTRUÍDO,,,,"-15,78369167","-47,55899722",GPS TOPOGRÁFICO,,,,SIRGAS2000,"   997,8000",,,,,GPS TOPOGRÁFICO," 978103,29",
TEMP_APP_BDG_TODAS_2018.fid--55ec4aa9_16935d20a6f_-79b3,8081408,EG,DF,Brasília,5300108,04/07/2013,NÃO CONSTRUÍDO,,,,"-15,73890556","-47,55785278",GPS TOPOGRÁFICO,,,,SIRGAS2000,"  1122,6000",,,,,GPS TOPOGRÁFICO," 978077,05",
TEMP_APP_BDG_TODAS_2018.fid--55ec4aa9_16935d20a6f_-79b2,8081409,EG,DF,Brasília,5300108,04/07/2013,NÃO CONSTRUÍDO,,,,"-15,82241389","-47,60348056",GPS TOPOGRÁFICO,,,,SIRGAS2000,"   983,1000",,,,,GPS TOPOGRÁFICO," 978105,97",
TEMP_APP_BDG_TODAS_2018.fid--55ec4aa9_16935d20a6f_-79b1,8081410,EG,DF,Brasília,5300108,08/07/2013,NÃO CONSTRUÍDO,,,,"-15,73955278","-47,51573056",GPS TOPOGRÁFICO,,,,SIRGAS2000,"   988,9700",,,,,GPS TOPOGRÁFICO," 978102,43",
TEMP_APP_BDG_TODAS_2018.fid--55ec4aa9_16935d20a6f_-79b0,8081411,EG,DF,Brasília,5300108,08/07/2013,NÃO CONSTRUÍDO,,,,"-15,91518333","-47,51835833",GPS TOPOGRÁFICO,,,,SIRGAS2000,"   956,0800",,,,,GPS TOPOGRÁFICO," 978111,09",
TEMP_APP_BDG_TODAS_2018.fid--55ec4aa9_16935d20a6f_-79af,8081412,EG,DF,Brasília,5300108,08/07/2013,NÃO CONSTRUÍDO,,,,"-15,77875000","-47,47232500",GPS TOPOGRÁFICO,,,,SIRGAS2000,"   907,3600",,,,,GPS TOPOGRÁFICO," 978122,63",
TEMP_APP_BDG_TODAS_2018.fid--55ec4aa9_16935d20a6f_-79ae,8081413,EG,DF,Brasília,5300108,08/07/2013,NÃO CONSTRUÍDO,,,,"-15,77882778","-47,42897500",GPS TOPOGRÁFICO,,,,SIRGAS2000,"   987,9400",,,,,GPS TOPOGRÁFICO," 978106,39",
TEMP_APP_BDG_TODAS_2018.fid--55ec4aa9_16935d20a6f_-79ad,8081414,EG,DF,Brasília,5300108,08/07/2013,NÃO CONSTRUÍDO,,,,"-15,73789722","-47,47208889",GPS TOPOGRÁFICO,,,,SIRGAS2000,"   929,8400",,,,,GPS TOPOGRÁFICO," 978115,79",
TEMP_APP_BDG_TODAS_2018.fid--55ec4aa9_16935d20a6f_-79ac,8081415,EG,DF,Brasília,5300108,08/07/2013,NÃO CONSTRUÍDO,,,,"-15,68752778","-47,51618611",GPS TOPOGRÁFICO,,,,SIRGAS2000,"  1172,1300",,,,,GPS TOPOGRÁFICO," 978066,20",
TEMP_APP_BDG_TODAS_2018.fid--55ec4aa9_16935d20a6f_-79ab,8081416,EG,DF,Brasília,5300108,08/07/2013,NÃO CONSTRUÍDO,,,,"-15,69602222","-47,56144722",GPS TOPOGRÁFICO,,,,SIRGAS2000,"  1131,4700",,,,,GPS TOPOGRÁFICO," 978074,48",
TEMP_APP_BDG_TODAS_2018.fid--55ec4aa9_16935d20a6f_-79aa,8081417,EG,DF,Brasília,5300108,08/07/2013,NÃO CONSTRUÍDO,,,,"-15,69637222","-47,60209722",GPS TOPOGRÁFICO,,,,SIRGAS2000,"  1122,0200",,,,,GPS TOPOGRÁFICO," 978076,03",
TEMP_APP_BDG_TODAS_2018.fid--55ec4aa9_16935d20a6f_-79a9,8081418,EG,DF,Brasília,5300108,09/07/2013,NÃO CONSTRUÍDO,,,,"-15,69431667","-47,47336111",GPS TOPOGRÁFICO,,,,SIRGAS2000,"  1104,9100",,,,,GPS TOPOGRÁFICO," 978080,66",
TEMP_APP_BDG_TODAS_2018.fid--55ec4aa9_16935d20a6f_-79a8,8081419,EG,DF,Brasília,5300108,09/07/2013,NÃO CONSTRUÍDO,,,,"-15,69696944","-47,43245278",GPS TOPOGRÁFICO,,,,SIRGAS2000,"  1001,8300",,,,,GPS TOPOGRÁFICO," 978102,34",
TEMP_APP_BDG_TODAS_2018.fid--55ec4aa9_16935d20a6f_-79a7,8081420,EG,DF,Brasília,5300108,09/07/2013,NÃO CONSTRUÍDO,,,,"-15,73868889","-47,43016111",GPS TOPOGRÁFICO,,,,SIRGAS2000,"  1003,4600",,,,,GPS TOPOGRÁFICO," 978103,14",
TEMP_APP_BDG_TODAS_2018.fid--55ec4aa9_16935d20a6f_-79a6,8081421,EG,DF,Brasília,5300108,09/07/2013,NÃO CONSTRUÍDO,,,,"-15,78085833","-47,34893056",GPS TOPOGRÁFICO,,,,SIRGAS2000,"   898,8300",,,,,GPS TOPOGRÁFICO," 978127,05",
TEMP_APP_BDG_TODAS_2018.fid--55ec4aa9_16935d20a6f_-79a5,8081422,EG,DF,Brasília,5300108,09/07/2013,NÃO CONSTRUÍDO,,,,"-15,73765278","-47,35060556",GPS TOPOGRÁFICO,,,,SIRGAS2000,"   922,0000",,,,,GPS TOPOGRÁFICO," 978121,22",
TEMP_APP_BDG_TODAS_2018.fid--55ec4aa9_16935d20a6f_-79a4,8081423,EG,DF,Brasília,5300108,09/07/2013,NÃO CONSTRUÍDO,,,,"-15,68996667","-47,34757222",GPS TOPOGRÁFICO,,,,SIRGAS2000,"   931,2200",,,,,GPS TOPOGRÁFICO," 978116,02",
TEMP_APP_BDG_TODAS_2018.fid--55ec4aa9_16935d20a6f_-79a3,8081424,EG,DF,Brasília,5300108,09/07/2013,NÃO CONSTRUÍDO,,,,"-15,69518611","-47,64014444",GPS TOPOGRÁFICO,,,,SIRGAS2000,"   964,4100",,,,,GPS TOPOGRÁFICO," 978103,40",
TEMP_APP_BDG_TODAS_2018.fid--55ec4aa9_16935d20a6f_-79a2,8081426,EG,DF,Brasília,5300108,10/07/2013,NÃO CONSTRUÍDO,,,,"-15,99148889","-47,68371944",GPS TOPOGRÁFICO,,,,SIRGAS2000,"   874,8300",,,,,GPS TOPOGRÁFICO," 978128,74",
TEMP_APP_BDG_TODAS_2018.fid--55ec4aa9_16935d20a6f_-79a1,8081427,EG,DF,Brasília,5300108,10/07/2013,NÃO CONSTRUÍDO,,,,"-16,02382778","-47,67958889",GPS TOPOGRÁFICO,,,,SIRGAS2000,"   873,8300",,,,,GPS TOPOGRÁFICO," 978128,35",
TEMP_APP_BDG_TODAS_2018.fid--55ec4aa9_16935d20a6f_-79a0,8081428,EG,DF,Brasília,5300108,10/07/2013,NÃO CONSTRUÍDO,,,,"-15,99126944","-47,72248889",GPS TOPOGRÁFICO,,,,SIRGAS2000,"   938,2400",,,,,GPS TOPOGRÁFICO," 978116,67",
TEMP_APP_BDG_TODAS_2018.fid--55ec4aa9_16935d20a6f_-799f,8081429,EG,DF,Brasília,5300108,10/07/2013,NÃO CONSTRUÍDO,,,,"-16,02958611","-47,72431944",GPS TOPOGRÁFICO,,,,SIRGAS2000,"  1003,9900",,,,,GPS TOPOGRÁFICO," 978102,95",
TEMP_APP_BDG_TODAS_2018.fid--55ec4aa9_16935d20a6f_-799e,8081430,EG,DF,Brasília,5300108,11/07/2013,NÃO CONSTRUÍDO,,,,"-16,03063889","-47,76082778",GPS TOPOGRÁFICO,,,,SIRGAS2000,"   897,8600",,,,,GPS TOPOGRÁFICO," 978124,53",
TEMP_APP_BDG_TODAS_2018.fid--55ec4aa9_16935d20a6f_-799d,8081431,EG,DF,Brasília,5300108,11/07/2013,NÃO CONSTRUÍDO,,,,"-15,99092222","-47,77813333",GPS TOPOGRÁFICO,,,,SIRGAS2000,"   974,9100",,,,,GPS TOPOGRÁFICO," 978108,06",
TEMP_APP_BDG_TODAS_2018.fid--55ec4aa9_16935d20a6f_-799c,8081432,EG,DF,Brasília,5300108,11/07/2013,NÃO CONSTRUÍDO,,,,"-16,02961944","-47,84898611",GPS TOPOGRÁFICO,,,,SIRGAS2000,"   934,7000",,,,,GPS TOPOGRÁFICO," 978108,53",
TEMP_APP_BDG_TODAS_2018.fid--55ec4aa9_16935d20a6f_-799b,8081433,EG,DF,Brasília,5300108,11/07/2013,NÃO CONSTRUÍDO,,,,"-15,98845000","-47,84913056",GPS TOPOGRÁFICO,,,,SIRGAS2000,"  1106,5600",,,,,GPS TOPOGRÁFICO," 978078,35",
TEMP_APP_BDG_TODAS_2018.fid--55ec4aa9_16935d20a6f_-799a,8081434,EG,DF,Brasília,5300108,11/07/2013,NÃO CONSTRUÍDO,,,,"-15,98650000","-47,88801944",GPS TOPOGRÁFICO,,,,SIRGAS2000,"  1137,1400",,,,,GPS TOPOGRÁFICO," 978072,08",
TEMP_APP_BDG_TODAS_2018.fid--55ec4aa9_16935d20a6f_-7999,8081435,EG,DF,Brasília,5300108,01/10/2013,NÃO CONSTRUÍDO,,,,"-15,86456667","-47,84398333",GPS TOPOGRÁFICO,,,,SIRGAS2000,"  1091,6200",,,,,GPS TOPOGRÁFICO," 978080,67",
TEMP_APP_BDG_TODAS_2018.fid--55ec4aa9_16935d20a6f_-7998,8081436,EG,DF,Brasília,5300108,01/10/2013,NÃO CONSTRUÍDO,,,,"-15,86430833","-47,80864167",GPS TOPOGRÁFICO,,,,SIRGAS2000,"  1071,4100",,,,,GPS TOPOGRÁFICO," 978083,23",
TEMP_APP_BDG_TODAS_2018.fid--55ec4aa9_16935d20a6f_-7997,8081437,EG,DF,Brasília,5300108,01/10/2013,NÃO CONSTRUÍDO,,,,"-15,90443889","-47,76423333",GPS TOPOGRÁFICO,,,,SIRGAS2000,"   901,6300",,,,,GPS TOPOGRÁFICO," 978117,62",
TEMP_APP_BDG_TODAS_2018.fid--55ec4aa9_16935d20a6f_-7996,8081438,EG,DF,Brasília,5300108,01/10/2013,NÃO CONSTRUÍDO,,,,"-15,86222500","-47,76379167",GPS TOPOGRÁFICO,,,,SIRGAS2000,"   966,4900",,,,,GPS TOPOGRÁFICO," 978106,43",
TEMP_APP_BDG_TODAS_2018.fid--55ec4aa9_16935d20a6f_-7995,8081439,EG,DF,Brasília,5300108,01/10/2013,NÃO CONSTRUÍDO,,,,"-15,90591944","-47,80782222",GPS TOPOGRÁFICO,,,,SIRGAS2000,"  1129,4200",,,,,GPS TOPOGRÁFICO," 978073,16",
TEMP_APP_BDG_TODAS_2018.fid--55ec4aa9_16935d20a6f_-7994,8081440,EG,DF,Brasília,5300108,01/10/2013,NÃO CONSTRUÍDO,,,,"-15,90447222","-47,89031667",GPS TOPOGRÁFICO,,,,SIRGAS2000,"  1119,2200",,,,,GPS TOPOGRÁFICO," 978074,62",
TEMP_APP_BDG_TODAS_2018.fid--55ec4aa9_16935d20a6f_-7993,8081442,EG,DF,Brasília,5300108,02/10/2013,NÃO CONSTRUÍDO,,,,"-16,03659167","-47,88970000",GPS TOPOGRÁFICO,,,,SIRGAS2000,"  1004,9100",,,,,GPS TOPOGRÁFICO," 978098,48",
TEMP_APP_BDG_TODAS_2018.fid--55ec4aa9_16935d20a6f_-7992,8081443,EG,DF,Brasília,5300108,02/10/2013,NÃO CONSTRUÍDO,,,,"-16,03190833","-48,01656944",GPS TOPOGRÁFICO,,,,SIRGAS2000,"  1185,1500",,,,,GPS TOPOGRÁFICO," 978068,60",
TEMP_APP_BDG_TODAS_2018.fid--55ec4aa9_16935d20a6f_-7991,8081444,EG,DF,Brasília,5300108,02/10/2013,NÃO CONSTRUÍDO,,,,"-16,03285833","-48,05779167",GPS TOPOGRÁFICO,,,,SIRGAS2000,"  1106,2900",,,,,GPS TOPOGRÁFICO," 978085,41",
TEMP_APP_BDG_TODAS_2018.fid--55ec4aa9_16935d20a6f_-7990,8081445,EG,DF,Brasília,5300108,02/10/2013,NÃO CONSTRUÍDO,,,,"-15,90608611","-48,05790000",GPS TOPOGRÁFICO,,,,SIRGAS2000,"  1250,8900",,,,,GPS TOPOGRÁFICO," 978056,24",
TEMP_APP_BDG_TODAS_2018.fid--55ec4aa9_16935d20a6f_-798f,8081446,EG,DF,Brasília,5300108,02/10/2013,NÃO CONSTRUÍDO,,,,"-15,90561667","-47,84706944",GPS TOPOGRÁFICO,,,,SIRGAS2000,"  1129,5200",,,,,GPS TOPOGRÁFICO," 978072,51",
TEMP_APP_BDG_TODAS_2018.fid--55ec4aa9_16935d20a6f_-798e,8081447,EG,DF,Brasília,5300108,03/10/2013,NÃO CONSTRUÍDO,,,,"-15,77915833","-48,14044444",GPS TOPOGRÁFICO,,,,SIRGAS2000,"  1166,2700",,,,,GPS TOPOGRÁFICO," 978067,73",
TEMP_APP_BDG_TODAS_2018.fid--55ec4aa9_16935d20a6f_-798d,8081387,EG,DF,Brasília,5300108,01/07/2013,NÃO CONSTRUÍDO,,,,"-15,94628056","-47,43344444",GPS TOPOGRÁFICO,,,,SIRGAS2000,"   880,2500",,,,,GPS TOPOGRÁFICO," 978131,24",
TEMP_APP_BDG_TODAS_2018.fid--55ec4aa9_16935d20a6f_-798c,8081388,EG,DF,Brasília,5300108,01/07/2013,NÃO CONSTRUÍDO,,,,"-15,90583611","-47,43655833",GPS TOPOGRÁFICO,,,,SIRGAS2000,"   952,1600",,,,,GPS TOPOGRÁFICO," 978114,25",
TEMP_APP_BDG_TODAS_2018.fid--55ec4aa9_16935d20a6f_-798b,8081389,EG,DF,Brasília,5300108,01/07/2013,NÃO CONSTRUÍDO,,,,"-15,90582222","-47,47338611",GPS TOPOGRÁFICO,,,,SIRGAS2000,"   862,8100",,,,,GPS TOPOGRÁFICO," 978132,48",
TEMP_APP_BDG_TODAS_2018.fid--55ec4aa9_16935d20a6f_-798a,8081390,EG,DF,Brasília,5300108,02/07/2013,NÃO CONSTRUÍDO,,,,"-15,99225833","-47,55860556",GPS TOPOGRÁFICO,,,,SIRGAS2000,"  1015,1900",,,,,GPS TOPOGRÁFICO," 978102,40",
TEMP_APP_BDG_TODAS_2018.fid--55ec4aa9_16935d20a6f_-7989,8081391,EG,DF,Brasília,5300108,02/07/2013,NÃO CONSTRUÍDO,,,,"-15,90532500","-47,55438611",GPS TOPOGRÁFICO,,,,SIRGAS2000,"   954,6100",,,,,GPS TOPOGRÁFICO," 978113,38",
TEMP_APP_BDG_TODAS_2018.fid--55ec4aa9_16935d20a6f_-7988,8081392,EG,DF,Brasília,5300108,02/07/2013,NÃO CONSTRUÍDO,,,,"-15,90541667","-47,51601944",GPS TOPOGRÁFICO,,,,SIRGAS2000,"   893,4000",,,,,GPS TOPOGRÁFICO," 978126,02",
TEMP_APP_BDG_TODAS_2018.fid--55ec4aa9_16935d20a6f_-7987,8081346,EG,DF,Brasília,5300108,12/06/2014,NÃO CONSTRUÍDO,,,,"-15,52713333","-48,13598056",GPS TOPOGRÁFICO,,,,SIRGAS2000,"   932,3500",,,,,GPS TOPOGRÁFICO," 978098,10",
TEMP_APP_BDG_TODAS_2018.fid--55ec4aa9_16935d20a6f_-7986,8081347,EG,DF,Brasília,5300108,13/06/2013,NÃO CONSTRUÍDO,,,,"-15,64807778","-48,22316389",GPS TOPOGRÁFICO,,,,SIRGAS2000,"  1094,4900",,,,,GPS TOPOGRÁFICO," 978074,21",
TEMP_APP_BDG_TODAS_2018.fid--55ec4aa9_16935d20a6f_-7985,8081363,EG,DF,Brasília,5300108,17/06/2014,NÃO CONSTRUÍDO,,,,"-15,73181389","-48,10276944",GPS TOPOGRÁFICO,,,,SIRGAS2000,"  1265,5000",,,,,GPS TOPOGRÁFICO," 978046,40",
TEMP_APP_BDG_TODAS_2018.fid--55ec4aa9_16935d20a6f_-7984,8081364,EG,DF,Brasília,5300108,17/06/2014,NÃO CONSTRUÍDO,,,,"-15,73164722","-48,14192500",GPS TOPOGRÁFICO,,,,SIRGAS2000,"  1142,4300",,,,,GPS TOPOGRÁFICO," 978069,63",
TEMP_APP_BDG_TODAS_2018.fid--55ec4aa9_16935d20a6f_-7983,8081366,EG,DF,Brasília,5300108,17/06/2014,NÃO CONSTRUÍDO,,,,"-15,69718889","-48,19045278",GPS TOPOGRÁFICO,,,,SIRGAS2000,"  1087,8700",,,,,GPS TOPOGRÁFICO," 978077,30",
TEMP_APP_BDG_TODAS_2018.fid--55ec4aa9_16935d20a6f_-7982,8081367,EG,DF,Brasília,5300108,17/06/2014,NÃO CONSTRUÍDO,,,,"-15,65520278","-48,18216389",GPS TOPOGRÁFICO,,,,SIRGAS2000,"  1137,1800",,,,,GPS TOPOGRÁFICO," 978061,88",
TEMP_APP_BDG_TODAS_2018.fid--55ec4aa9_16935d20a6f_-7981,8081368,EG,DF,Brasília,5300108,17/06/2014,NÃO CONSTRUÍDO,,,,"-15,65090556","-48,14059722",GPS TOPOGRÁFICO,,,,SIRGAS2000,"  1290,5600",,,,,GPS TOPOGRÁFICO," 978240,47",
TEMP_APP_BDG_TODAS_2018.fid--55ec4aa9_16935d20a6f_-7980,8081382,EG,DF,Brasília,5300108,01/07/2013,NÃO CONSTRUÍDO,,,,"-15,98907778","-47,63266111",GPS TOPOGRÁFICO,,,,SIRGAS2000,"  1027,1700",,,,,GPS TOPOGRÁFICO," 978098,77",
TEMP_APP_BDG_TODAS_2018.fid--55ec4aa9_16935d20a6f_-797f,8081383,EG,DF,Brasília,5300108,01/07/2013,NÃO CONSTRUÍDO,,,,"-16,03067500","-47,64194722",GPS TOPOGRÁFICO,,,,SIRGAS2000,"  1001,1400",,,,,GPS TOPOGRÁFICO," 978102,61",
TEMP_APP_BDG_TODAS_2018.fid--55ec4aa9_16935d20a6f_-797e,8081384,EG,DF,Brasília,5300108,01/07/2013,NÃO CONSTRUÍDO,,,,"-15,94636667","-47,55150556",GPS TOPOGRÁFICO,,,,SIRGAS2000,"   976,9300",,,,,GPS TOPOGRÁFICO," 978109,05",
TEMP_APP_BDG_TODAS_2018.fid--55ec4aa9_16935d20a6f_-797d,8081385,EG,DF,Brasília,5300108,01/07/2013,NÃO CONSTRUÍDO,,,,"-15,94760556","-47,47395000",GPS TOPOGRÁFICO,,,,SIRGAS2000,"   889,6300",,,,,GPS TOPOGRÁFICO," 978128,29",
TEMP_APP_BDG_TODAS_2018.fid--55ec4aa9_16935d20a6f_-797c,8081386,EG,DF,Brasília,5300108,01/07/2013,NÃO CONSTRUÍDO,,,,"-15,94652222","-47,51613056",GPS TOPOGRÁFICO,,,,SIRGAS2000,"   963,0500",,,,,GPS TOPOGRÁFICO," 978112,36",
TEMP_APP_BDG_TODAS_2018.fid--55ec4aa9_16935d20a6f_-797b,8081330,EG,DF,Brasília,5300108,10/06/2013,NÃO CONSTRUÍDO,,,,"-15,53023333","-47,97147778",GPS TOPOGRÁFICO,,,,SIRGAS2000,"   872,6700",,,,,GPS TOPOGRÁFICO," 978108,39",
TEMP_APP_BDG_TODAS_2018.fid--55ec4aa9_16935d20a6f_-797a,8081298,EG,DF,Brasília,5300108,27/05/2013,NÃO CONSTRUÍDO,,,,"-16,02991667","-47,34802500",GPS TOPOGRÁFICO,,,,SIRGAS2000,"   878,2500",,,,,GPS TOPOGRÁFICO," 978135,78",
TEMP_APP_BDG_TODAS_2018.fid--55ec4aa9_16935d20a6f_-7979,8081425,EG,DF,Brasília,5300108,10/07/2013,BOM,,9517U,,"-15,95111174","-47,69721923",TRIANGULAÇÃO,,,06/03/2006,SIRGAS2000,," 1019,1910"," 0,071","  9970,393",Imbituba,NIVELAMENTO GEOMÉTRICO," 978097,35",
TEMP_APP_BDG_TODAS_2018.fid--55ec4aa9_16935d20a6f_-7978,8081441,EG,DF,Brasília,5300108,02/10/2013,NÃO CONSTRUÍDO,,,,"-16,02825000","-47,97364167",GPS TOPOGRÁFICO,,,,SIRGAS2000,"  1223,3700",,,,,GPS TOPOGRÁFICO," 978057,47",
TEMP_APP_BDG_TODAS_2018.fid--55ec4aa9_16935d20a6f_-7977,8081591,EG,DF,Brasília,5300108,28/07/2014,BOM,91138,,,"-15,64534786","-47,89829948",GPS GEODÉSICO," 1289,977",GPS GEODÉSICO,13/10/2010,SIRGAS2000,"  1303,0800",,,,Imbituba,NIVELAMENTO TRIGONOMÉTRICO," 978033,69",
TEMP_APP_BDG_TODAS_2018.fid--55ec4aa9_16935d20a6f_-7976,8067187,EG,DF,Brasília,5300108,20/07/2017,NÃO CONSTRUÍDO,,,,"-15,86670556","-48,13236667",GPS TOPOGRÁFICO,,,,SIRGAS2000,"   905,3800",,,,,GPS TOPOGRÁFICO," 978064,56",
TEMP_APP_BDG_TODAS_2018.fid--55ec4aa9_16935d20a6f_-7975,8082738,EG,DF,Brasília,5300108,28/04/2017,NÃO CONSTRUÍDO,,,,"-15,86178333","-47,57853611",GPS TOPOGRÁFICO,,,,SIRGAS2000,"  1093,8700",,,,,GPS TOPOGRÁFICO," 978136,01",
TEMP_APP_BDG_TODAS_2018.fid--55ec4aa9_16935d20a6f_-7974,8081450,EG,DF,Brasília,5300108,03/10/2013,NÃO CONSTRUÍDO,,,,"-15,86417500","-48,09799444",GPS TOPOGRÁFICO,,,,SIRGAS2000,"  1185,8700",,,,,GPS TOPOGRÁFICO," 978068,89",
TEMP_APP_BDG_TODAS_2018.fid--55ec4aa9_16935d20a6f_-7973,8081452,EG,DF,Brasília,5300108,07/10/2013,NÃO CONSTRUÍDO,,,,"-15,90373611","-48,09650278",GPS TOPOGRÁFICO,,,,SIRGAS2000,"  1130,8200",,,,,GPS TOPOGRÁFICO," 978081,08",
TEMP_APP_BDG_TODAS_2018.fid--55ec4aa9_16935d20a6f_-7972,8081453,EG,DF,Brasília,5300108,07/10/2013,NÃO CONSTRUÍDO,,,,"-15,86391111","-48,01416111",GPS TOPOGRÁFICO,,,,SIRGAS2000,"  1165,6900",,,,,GPS TOPOGRÁFICO," 978070,56",
TEMP_APP_BDG_TODAS_2018.fid--55ec4aa9_16935d20a6f_-7971,8081454,EG,DF,Brasília,5300108,07/10/2013,NÃO CONSTRUÍDO,,,,"-15,86375278","-47,97416667",GPS TOPOGRÁFICO,,,,SIRGAS2000,"  1041,2700",,,,,GPS TOPOGRÁFICO," 978092,00",
TEMP_APP_BDG_TODAS_2018.fid--55ec4aa9_16935d20a6f_-7970,8081455,EG,DF,Brasília,5300108,07/10/2013,NÃO CONSTRUÍDO,,,,"-15,82152778","-47,97429444",GPS TOPOGRÁFICO,,,,SIRGAS2000,"  1092,4900",,,,,GPS TOPOGRÁFICO," 978080,69",
TEMP_APP_BDG_TODAS_2018.fid--55ec4aa9_16935d20a6f_-796f,8081456,EG,DF,Brasília,5300108,07/10/2013,NÃO CONSTRUÍDO,,,,"-15,86346667","-47,93515278",GPS TOPOGRÁFICO,,,,SIRGAS2000,"  1034,2100",,,,,GPS TOPOGRÁFICO," 978090,40",
TEMP_APP_BDG_TODAS_2018.fid--55ec4aa9_16935d20a6f_-796e,8081457,EG,DF,Brasília,5300108,07/10/2013,NÃO CONSTRUÍDO,,,,"-15,86576111","-47,88130278",GPS TOPOGRÁFICO,,,,SIRGAS2000,"  1015,0400",,,,,GPS TOPOGRÁFICO," 978092,94",
TEMP_APP_BDG_TODAS_2018.fid--55ec4aa9_16935d20a6f_-796d,8081458,EG,DF,Brasília,5300108,08/10/2013,NÃO CONSTRUÍDO,,,,"-15,82035000","-48,05752778",GPS TOPOGRÁFICO,,,,SIRGAS2000,"  1205,7600",,,,,GPS TOPOGRÁFICO," 978061,68",
TEMP_APP_BDG_TODAS_2018.fid--55ec4aa9_16935d20a6f_-796c,8081459,EG,DF,Brasília,5300108,08/10/2013,NÃO CONSTRUÍDO,,,,"-15,78228889","-48,01528889",GPS TOPOGRÁFICO,,,,SIRGAS2000,"  1125,3100",,,,,GPS TOPOGRÁFICO," 978074,63",
TEMP_APP_BDG_TODAS_2018.fid--55ec4aa9_16935d20a6f_-796b,8081460,EG,DF,Brasília,5300108,08/10/2013,NÃO CONSTRUÍDO,,,,"-15,74101389","-48,05637500",GPS TOPOGRÁFICO,,,,SIRGAS2000,"  1238,6800",,,,,GPS TOPOGRÁFICO," 978051,09",
TEMP_APP_BDG_TODAS_2018.fid--55ec4aa9_16935d20a6f_-796a,8081461,EG,DF,Brasília,5300108,08/10/2013,NÃO CONSTRUÍDO,,,,"-15,78258056","-47,97799722",GPS TOPOGRÁFICO,,,,SIRGAS2000,"  1106,9600",,,,,GPS TOPOGRÁFICO," 978076,40",
TEMP_APP_BDG_TODAS_2018.fid--55ec4aa9_16935d20a6f_-7969,8081462,EG,DF,Brasília,5300108,10/10/2013,NÃO CONSTRUÍDO,,,,"-15,82308056","-48,01741111",GPS TOPOGRÁFICO,,,,SIRGAS2000,"  1089,4100",,,,,GPS TOPOGRÁFICO," 978082,35",
TEMP_APP_BDG_TODAS_2018.fid--55ec4aa9_16935d20a6f_-7968,8081463,EG,DF,Brasília,5300108,10/10/2013,NÃO CONSTRUÍDO,,,,"-15,82151667","-47,93094722",GPS TOPOGRÁFICO,,,,SIRGAS2000,"  1089,9500",,,,,GPS TOPOGRÁFICO," 978075,88",
TEMP_APP_BDG_TODAS_2018.fid--55ec4aa9_16935d20a6f_-7967,8081464,EG,DF,Brasília,5300108,10/10/2013,NÃO CONSTRUÍDO,,,,"-15,77985278","-47,93219444",GPS TOPOGRÁFICO,,,,SIRGAS2000,"  1130,1400",,,,,GPS TOPOGRÁFICO," 978066,96",
TEMP_APP_BDG_TODAS_2018.fid--55ec4aa9_16935d20a6f_-7966,8081465,EG,DF,Brasília,5300108,10/10/2013,NÃO CONSTRUÍDO,,,,"-15,78020278","-47,89108889",GPS TOPOGRÁFICO,,,,SIRGAS2000,"  1108,9000",,,,,GPS TOPOGRÁFICO," 978071,45",
TEMP_APP_BDG_TODAS_2018.fid--55ec4aa9_16935d20a6f_-7965,8081466,EG,DF,Brasília,5300108,10/10/2013,NÃO CONSTRUÍDO,,,,"-15,81821667","-47,89150556",GPS TOPOGRÁFICO,,,,SIRGAS2000,"  1059,9900",,,,,GPS TOPOGRÁFICO," 978082,82",
TEMP_APP_BDG_TODAS_2018.fid--55ec4aa9_16935d20a6f_-7964,8081467,EG,DF,Brasília,5300108,10/10/2013,NÃO CONSTRUÍDO,,,,"-15,81412778","-47,84865556",GPS TOPOGRÁFICO,,,,SIRGAS2000,"  1017,8600",,,,,GPS TOPOGRÁFICO," 978092,60",
TEMP_APP_BDG_TODAS_2018.fid--55ec4aa9_16935d20a6f_-7963,8081468,EG,DF,Brasília,5300108,14/10/2013,NÃO CONSTRUÍDO,,,,"-15,77977778","-47,80875278",GPS TOPOGRÁFICO,,,,SIRGAS2000,"  1014,1600",,,,,GPS TOPOGRÁFICO," 978095,86",
TEMP_APP_BDG_TODAS_2018.fid--55ec4aa9_16935d20a6f_-7962,8081469,EG,DF,Brasília,5300108,14/10/2013,NÃO CONSTRUÍDO,,,,"-15,77995000","-47,76434722",GPS TOPOGRÁFICO,,,,SIRGAS2000,"  1043,7800",,,,,GPS TOPOGRÁFICO," 978088,73",
TEMP_APP_BDG_TODAS_2018.fid--55ec4aa9_16935d20a6f_-7961,8081470,EG,DF,Brasília,5300108,14/10/2013,NÃO CONSTRUÍDO,,,,"-15,77808611","-47,72625833",GPS TOPOGRÁFICO,,,,SIRGAS2000,"   917,2200",,,,,GPS TOPOGRÁFICO," 978113,81",
TEMP_APP_BDG_TODAS_2018.fid--55ec4aa9_16935d20a6f_-7960,8081471,EG,DF,Brasília,5300108,14/10/2013,NÃO CONSTRUÍDO,,,,"-15,82144444","-47,56669444",GPS TOPOGRÁFICO,,,,SIRGAS2000,"  1009,7400",,,,,GPS TOPOGRÁFICO," 978098,13",
TEMP_APP_BDG_TODAS_2018.fid--55ec4aa9_16935d20a6f_-795f,8081472,EG,DF,Brasília,5300108,14/10/2013,NÃO CONSTRUÍDO,,,,"-15,81973056","-47,76765000",GPS TOPOGRÁFICO,,,,SIRGAS2000,"  1039,4700",,,,,GPS TOPOGRÁFICO," 978088,50",
TEMP_APP_BDG_TODAS_2018.fid--55ec4aa9_16935d20a6f_-795e,8081473,EG,DF,Brasília,5300108,14/10/2013,NÃO CONSTRUÍDO,,,,"-15,73841667","-47,76284167",GPS TOPOGRÁFICO,,,,SIRGAS2000,"  1131,5200",,,,,GPS TOPOGRÁFICO," 978071,56",
TEMP_APP_BDG_TODAS_2018.fid--55ec4aa9_16935d20a6f_-795d,8081474,EG,DF,Brasília,5300108,14/10/2013,NÃO CONSTRUÍDO,,,,"-15,82157778","-47,80514167",GPS TOPOGRÁFICO,,,,SIRGAS2000,"  1081,1600",,,,,GPS TOPOGRÁFICO," 978082,68",
TEMP_APP_BDG_TODAS_2018.fid--55ec4aa9_16935d20a6f_-795c,8081475,EG,DF,Brasília,5300108,15/10/2013,NÃO CONSTRUÍDO,,,,"-15,61347222","-47,64023611",GPS TOPOGRÁFICO,,,,SIRGAS2000,"  1015,6200",,,,,GPS TOPOGRÁFICO," 978090,83",
TEMP_APP_BDG_TODAS_2018.fid--55ec4aa9_16935d20a6f_-795b,8081476,EG,DF,Brasília,5300108,15/10/2013,NÃO CONSTRUÍDO,,,,"-15,65561389","-47,80738611",GPS TOPOGRÁFICO,,,,SIRGAS2000,"  1062,6200",,,,,GPS TOPOGRÁFICO," 978082,60",
TEMP_APP_BDG_TODAS_2018.fid--55ec4aa9_16935d20a6f_-795a,8081477,EG,DF,Brasília,5300108,15/10/2013,NÃO CONSTRUÍDO,,,,"-15,69662500","-47,84754444",GPS TOPOGRÁFICO,,,,SIRGAS2000,"  1203,5400",,,,,GPS TOPOGRÁFICO," 978056,10",
TEMP_APP_BDG_TODAS_2018.fid--55ec4aa9_16935d20a6f_-7959,8081478,EG,DF,Brasília,5300108,15/10/2013,NÃO CONSTRUÍDO,,,,"-15,69693611","-47,89847778",GPS TOPOGRÁFICO,,,,SIRGAS2000,"  1074,2300",,,,,GPS TOPOGRÁFICO," 978081,65",
TEMP_APP_BDG_TODAS_2018.fid--55ec4aa9_16935d20a6f_-7958,8081479,EG,DF,Brasília,5300108,15/10/2013,NÃO CONSTRUÍDO,,,,"-15,73622500","-47,89146389",GPS TOPOGRÁFICO,,,,SIRGAS2000,"  1018,8600",,,,,GPS TOPOGRÁFICO," 978091,71",
TEMP_APP_BDG_TODAS_2018.fid--55ec4aa9_16935d20a6f_-7957,8081480,EG,DF,Brasília,5300108,15/10/2013,NÃO CONSTRUÍDO,,,,"-15,73874444","-47,85004722",GPS TOPOGRÁFICO,,,,SIRGAS2000,"  1015,6400",,,,,GPS TOPOGRÁFICO," 978092,91",
TEMP_APP_BDG_TODAS_2018.fid--55ec4aa9_16935d20a6f_-7956,8081481,EG,DF,Brasília,5300108,16/10/2013,NÃO CONSTRUÍDO,,,,"-15,94731111","-48,01643333",GPS TOPOGRÁFICO,,,,SIRGAS2000,"  1234,3500",,,,,GPS TOPOGRÁFICO," 978056,64",
TEMP_APP_BDG_TODAS_2018.fid--55ec4aa9_16935d20a6f_-7955,8081482,EG,DF,Brasília,5300108,16/10/2013,NÃO CONSTRUÍDO,,,,"-15,94634167","-47,97340278",GPS TOPOGRÁFICO,,,,SIRGAS2000,"  1136,1200",,,,,GPS TOPOGRÁFICO," 977360,44",
TEMP_APP_BDG_TODAS_2018.fid--55ec4aa9_16935d20a6f_-7954,8081483,EG,DF,Brasília,5300108,16/10/2013,NÃO CONSTRUÍDO,,,,"-15,90547222","-47,97369722",GPS TOPOGRÁFICO,,,,SIRGAS2000,"  1136,9500",,,,,GPS TOPOGRÁFICO," 978074,39",
TEMP_APP_BDG_TODAS_2018.fid--55ec4aa9_16935d20a6f_-7953,8081484,EG,DF,Brasília,5300108,16/10/2013,NÃO CONSTRUÍDO,,,,"-15,90552778","-47,93382778",GPS TOPOGRÁFICO,,,,SIRGAS2000,"  1069,8500",,,,,GPS TOPOGRÁFICO," 978083,70",
TEMP_APP_BDG_TODAS_2018.fid--55ec4aa9_16935d20a6f_-7952,8081485,EG,DF,Brasília,5300108,04/11/2013,NÃO CONSTRUÍDO,,,,"-15,90529722","-47,72463333",GPS TOPOGRÁFICO,,,,SIRGAS2000,"   938,7300",,,,,GPS TOPOGRÁFICO," 978113,61",
TEMP_APP_BDG_TODAS_2018.fid--55ec4aa9_16935d20a6f_-7951,8081486,EG,DF,Brasília,5300108,04/11/2013,NÃO CONSTRUÍDO,,,,"-15,86335833","-47,72290000",GPS TOPOGRÁFICO,,,,SIRGAS2000,"   908,8900",,,,,GPS TOPOGRÁFICO," 978119,82",
TEMP_APP_BDG_TODAS_2018.fid--55ec4aa9_16935d20a6f_-7950,8081487,EG,DF,Brasília,5300108,04/11/2013,NÃO CONSTRUÍDO,,,,"-15,94696389","-47,93374722",GPS TOPOGRÁFICO,,,,SIRGAS2000,"  1075,6300",,,,,GPS TOPOGRÁFICO," 978081,84",
TEMP_APP_BDG_TODAS_2018.fid--55ec4aa9_16935d20a6f_-794f,8081488,EG,DF,Brasília,5300108,05/11/2013,NÃO CONSTRUÍDO,,,,"-15,90401944","-47,64110556",GPS TOPOGRÁFICO,,,,SIRGAS2000,"   948,3600",,,,,GPS TOPOGRÁFICO," 978114,61",
TEMP_APP_BDG_TODAS_2018.fid--55ec4aa9_16935d20a6f_-794e,8081489,EG,DF,Brasília,5300108,05/11/2013,NÃO CONSTRUÍDO,,,,"-15,86761944","-47,64876111",GPS TOPOGRÁFICO,,,,SIRGAS2000,"   923,5900",,,,,GPS TOPOGRÁFICO," 978118,40",
TEMP_APP_BDG_TODAS_2018.fid--55ec4aa9_16935d20a6f_-794d,8081490,EG,DF,Brasília,5300108,05/11/2013,NÃO CONSTRUÍDO,,,,"-15,85728611","-47,69336944",GPS TOPOGRÁFICO,,,,SIRGAS2000,"  1023,7800",,,,,GPS TOPOGRÁFICO," 978095,76",
TEMP_APP_BDG_TODAS_2018.fid--55ec4aa9_16935d20a6f_-794c,8081491,EG,DF,Brasília,5300108,05/11/2013,NÃO CONSTRUÍDO,,,,"-15,82118333","-47,68459167",GPS TOPOGRÁFICO,,,,SIRGAS2000,"   894,8300",,,,,GPS TOPOGRÁFICO," 978122,28",
TEMP_APP_BDG_TODAS_2018.fid--55ec4aa9_16935d20a6f_-794b,8081492,EG,DF,Brasília,5300108,06/11/2013,NÃO CONSTRUÍDO,,,,"-15,73763611","-47,47312778",GPS TOPOGRÁFICO,,,,SIRGAS2000,"  1092,0000",,,,,GPS TOPOGRÁFICO," 978077,99",
TEMP_APP_BDG_TODAS_2018.fid--55ec4aa9_16935d20a6f_-794a,8081493,EG,DF,Brasília,5300108,06/11/2013,NÃO CONSTRUÍDO,,,,"-15,69635833","-47,80919167",GPS TOPOGRÁFICO,,,,SIRGAS2000,"  1162,7900",,,,,GPS TOPOGRÁFICO," 978063,60",
TEMP_APP_BDG_TODAS_2018.fid--55ec4aa9_16935d20a6f_-7949,8081494,EG,DF,Brasília,5300108,06/11/2013,NÃO CONSTRUÍDO,,,,"-15,69595833","-47,76449444",GPS TOPOGRÁFICO,,,,SIRGAS2000,"  1080,8700",,,,,GPS TOPOGRÁFICO," 978079,57",
TEMP_APP_BDG_TODAS_2018.fid--55ec4aa9_16935d20a6f_-7948,8081495,EG,DF,Brasília,5300108,06/11/2013,NÃO CONSTRUÍDO,,,,"-15,69356944","-47,72860833",GPS TOPOGRÁFICO,,,,SIRGAS2000,"  1053,5300",,,,,GPS TOPOGRÁFICO," 978086,65",
TEMP_APP_BDG_TODAS_2018.fid--55ec4aa9_16935d20a6f_-7947,8081496,EG,DF,Brasília,5300108,07/11/2013,NÃO CONSTRUÍDO,,,,"-15,69690833","-47,68264722",GPS TOPOGRÁFICO,,,,SIRGAS2000,"   937,3000",,,,,GPS TOPOGRÁFICO," 978109,89",
TEMP_APP_BDG_TODAS_2018.fid--55ec4aa9_16935d20a6f_-7946,8081497,EG,DF,Brasília,5300108,07/11/2013,NÃO CONSTRUÍDO,,,,"-15,74002500","-47,68237778",GPS TOPOGRÁFICO,,,,SIRGAS2000,"   935,2300",,,,,GPS TOPOGRÁFICO," 978112,39",
TEMP_APP_BDG_TODAS_2018.fid--55ec4aa9_16935d20a6f_-7945,8081498,EG,DF,Brasília,5300108,07/11/2013,NÃO CONSTRUÍDO,,,,"-15,77464167","-47,67801389",GPS TOPOGRÁFICO,,,,SIRGAS2000,"   985,9500",,,,,GPS TOPOGRÁFICO," 978103,31",
TEMP_APP_BDG_TODAS_2018.fid--55ec4aa9_16935d20a6f_-7944,8081448,EG,DF,Brasília,5300108,03/10/2013,NÃO CONSTRUÍDO,,,,"-15,82333056","-48,14004722",GPS TOPOGRÁFICO,,,,SIRGAS2000,"  1171,7300",,,,,GPS TOPOGRÁFICO," 978068,45",
TEMP_APP_BDG_TODAS_2018.fid--55ec4aa9_16935d20a6f_-7943,8081449,EG,DF,Brasília,5300108,03/10/2013,NÃO CONSTRUÍDO,,,,"-15,82209167","-48,09910278",GPS TOPOGRÁFICO,,,,SIRGAS2000,"  1273,9400",,,,,GPS TOPOGRÁFICO," 978049,03",
TEMP_APP_BDG_TODAS_2018.fid--55ec4aa9_16935d20a6f_-7942,8081393,EG,DF,Brasília,5300108,02/07/2013,NÃO CONSTRUÍDO,,,,"-15,86213611","-47,43286111",GPS TOPOGRÁFICO,,,,SIRGAS2000,"   926,0100",,,,,GPS TOPOGRÁFICO," 978120,00",
TEMP_APP_BDG_TODAS_2018.fid--55ec4aa9_16935d20a6f_-7941,8081394,EG,DF,Brasília,5300108,02/07/2013,NÃO CONSTRUÍDO,,,,"-15,86125833","-47,47494444",GPS TOPOGRÁFICO,,,,SIRGAS2000,"   872,0800",,,,,GPS TOPOGRÁFICO," 978131,33",
TEMP_APP_BDG_TODAS_2018.fid--55ec4aa9_16935d20a6f_-7940,8081395,EG,DF,Brasília,5300108,02/07/2013,NÃO CONSTRUÍDO,,,,"-15,85545556","-47,50587778",GPS TOPOGRÁFICO,,,,SIRGAS2000,"   942,1800",,,,,GPS TOPOGRÁFICO," 978117,01",
TEMP_APP_BDG_TODAS_2018.fid--55ec4aa9_16935d20a6f_-793f,8081396,EG,DF,Brasília,5300108,02/07/2013,NÃO CONSTRUÍDO,,,,"-15,87039167","-47,55290556",GPS TOPOGRÁFICO,,,,SIRGAS2000,"   994,1700",,,,,GPS TOPOGRÁFICO," 978105,51",
TEMP_APP_BDG_TODAS_2018.fid--55ec4aa9_16935d20a6f_-793e,8081397,EG,DF,Brasília,5300108,03/07/2013,NÃO CONSTRUÍDO,,,,"-15,90068889","-47,58615556",GPS TOPOGRÁFICO,,,,SIRGAS2000,"  1017,4000",,,,,GPS TOPOGRÁFICO," 978099,74",
TEMP_APP_BDG_TODAS_2018.fid--55ec4aa9_16935d20a6f_-793d,8081398,EG,DF,Brasília,5300108,03/07/2013,NÃO CONSTRUÍDO,,,,"-15,86122778","-47,59500833",GPS TOPOGRÁFICO,,,,SIRGAS2000,"  1033,9300",,,,,GPS TOPOGRÁFICO," 978096,03",
TEMP_APP_BDG_TODAS_2018.fid--55ec4aa9_16935d20a6f_-793c,8081399,EG,DF,Brasília,5300108,03/07/2013,NÃO CONSTRUÍDO,,,,"-15,81998056","-47,35768611",GPS TOPOGRÁFICO,,,,SIRGAS2000,"   850,0600",,,,,GPS TOPOGRÁFICO," 978137,36",
TEMP_APP_BDG_TODAS_2018.fid--55ec4aa9_16935d20a6f_-793b,8081400,EG,DF,Brasília,5300108,03/07/2013,NÃO CONSTRUÍDO,,,,"-15,81938611","-47,39676389",GPS TOPOGRÁFICO,,,,SIRGAS2000,"   883,3800",,,,,GPS TOPOGRÁFICO," 978129,05",
